track_name,track_id,album_name,album_id,album_type,artist_name,artist_id,markets
Comedy,5SuOikwiRyPMVoIQDJUgSV,Comedy,41ERrwfzos93Xlf6hFBiDn,single,Gen Hoshino,1S2S00lgLYLGHWA44qGEUs,"['AR', 'AU', 'AT', 'BE', 'BO', 'BR', 'BG', 'CA', 'CL', 'CO', 'CR', 'CY', 'CZ', 'DK', 'DO', 'DE', 'EC', 'EE', 'SV', 'FI', 'FR', 'GR', 'GT', 'HN', 'HK', 'HU', 'IS', 'IE', 'IT', 'LV', 'LT', 'LU', 'MY', 'MT', 'MX', 'NL', 'NZ', 'NI', 'NO', 'PA', 'PY', 'PE', 'PH', 'PL', 'PT', 'SG', 'SK', 'ES', 'SE', 'CH', 'TW', 'TR', 'UY', 'US', 'GB', 'AD', 'LI', 'MC', 'ID', 'TH', 'VN', 'RO', 'IL', 'ZA', 'SA', 'AE', 'BH', 'QA', 'OM', 'KW', 'EG', 'MA', 'DZ', 'TN', 'LB', 'JO', 'PS', 'IN', 'BY', 'KZ', 'MD', 'UA', 'AL', 'BA', 'HR', 'ME', 'MK', 'RS', 'SI', 'KR', 'BD', 'PK', 'LK', 'GH', 'KE', 'NG', 'TZ', 'UG', 'AG', 'AM', 'BS', 'BB', 'BZ', 'BT', 'BW', 'BF', 'CV', 'CW', 'DM', 'FJ', 'GM', 'GE', 'GD', 'GW', 'GY', 'HT', 'JM', 'KI', 'LS', 'LR', 'MW', 'MV', 'ML', 'MH', 'FM', 'NA', 'NR', 'NE', 'PW', 'PG', 'PR', 'WS', 'SM', 'ST', 'SN', 'SC', 'SL', 'SB', 'KN', 'LC', 'VC', 'SR', 'TL', 'TO', 'TT', 'TV', 'VU', 'AZ', 'BN', 'BI', 'KH', 'CM', 'TD', 'KM', 'GQ', 'SZ', 'GA', 'GN', 'KG', 'LA', 'MO', 'MR', 'MN', 'NP', 'RW', 'TG', 'UZ', 'ZW', 'BJ', 'MG', 'MU', 'MZ', 'AO', 'CI', 'DJ', 'ZM', 'CD', 'CG', 'IQ', 'LY', 'TJ', 'VE', 'ET', 'XK']"
Ghost - Acoustic,4qPNDBW1i3p13qLCt0Ki3A,Ghost (Acoustic),7eVgjZsbqcqTIAyYUpOJuR,single,Ben Woodward,142VT1MtWzaD13CnOiKFDn,"['AR', 'AU', 'AT', 'BE', 'BO', 'BR', 'BG', 'CA', 'CL', 'CO', 'CR', 'CY', 'CZ', 'DK', 'DO', 'DE', 'EC', 'EE', 'SV', 'FI', 'FR', 'GR', 'GT', 'HN', 'HK', 'HU', 'IS', 'IE', 'IT', 'LV', 'LT', 'LU', 'MY', 'MT', 'MX', 'NL', 'NZ', 'NI', 'NO', 'PA', 'PY', 'PE', 'PH', 'PL', 'PT', 'SG', 'SK', 'ES', 'SE', 'CH', 'TW', 'TR', 'UY', 'US', 'GB', 'AD', 'LI', 'MC', 'ID', 'JP', 'TH', 'VN', 'RO', 'IL', 'ZA', 'SA', 'AE', 'BH', 'QA', 'OM', 'KW', 'EG', 'MA', 'DZ', 'TN', 'LB', 'JO', 'PS', 'IN', 'BY', 'KZ', 'MD', 'UA', 'AL', 'BA', 'HR', 'ME', 'MK', 'RS', 'SI', 'KR', 'BD', 'PK', 'LK', 'GH', 'KE', 'NG', 'TZ', 'UG', 'AG', 'AM', 'BS', 'BB', 'BZ', 'BT', 'BW', 'BF', 'CV', 'CW', 'DM', 'FJ', 'GM', 'GE', 'GD', 'GW', 'GY', 'HT', 'JM', 'KI', 'LS', 'LR', 'MW', 'MV', 'ML', 'MH', 'FM', 'NA', 'NR', 'NE', 'PW', 'PG', 'PR', 'WS', 'SM', 'ST', 'SN', 'SC', 'SL', 'SB', 'KN', 'LC', 'VC', 'SR', 'TL', 'TO', 'TT', 'TV', 'VU', 'AZ', 'BN', 'BI', 'KH', 'CM', 'TD', 'KM', 'GQ', 'SZ', 'GA', 'GN', 'KG', 'LA', 'MO', 'MR', 'MN', 'NP', 'RW', 'TG', 'UZ', 'ZW', 'BJ', 'MG', 'MU', 'MZ', 'AO', 'CI', 'DJ', 'ZM', 'CD', 'CG', 'IQ', 'LY', 'TJ', 'VE', 'ET', 'XK']"
To Begin Again,1iJBSr7s7jYXzM8EGcbK5b,To Begin Again,5rrWBCnnYiFaT5EoyCeikd,single,Ingrid Michaelson,2vm8GdHyrJh2O2MfbQFYG0,"['AR', 'AU', 'AT', 'BE', 'BO', 'BR', 'BG', 'CA', 'CL', 'CO', 'CR', 'CY', 'CZ', 'DK', 'DO', 'DE', 'EC', 'EE', 'SV', 'FI', 'FR', 'GR', 'GT', 'HN', 'HK', 'HU', 'IS', 'IE', 'IT', 'LV', 'LT', 'LU', 'MY', 'MT', 'MX', 'NL', 'NZ', 'NI', 'NO', 'PA', 'PY', 'PE', 'PH', 'PL', 'PT', 'SG', 'SK', 'ES', 'SE', 'CH', 'TW', 'TR', 'UY', 'US', 'GB', 'AD', 'LI', 'MC', 'ID', 'JP', 'TH', 'VN', 'RO', 'IL', 'ZA', 'SA', 'AE', 'BH', 'QA', 'OM', 'KW', 'EG', 'MA', 'DZ', 'TN', 'LB', 'JO', 'PS', 'IN', 'BY', 'KZ', 'MD', 'UA', 'AL', 'BA', 'HR', 'ME', 'MK', 'RS', 'SI', 'KR', 'BD', 'PK', 'LK', 'GH', 'KE', 'NG', 'TZ', 'UG', 'AG', 'AM', 'BS', 'BB', 'BZ', 'BT', 'BW', 'BF', 'CV', 'CW', 'DM', 'FJ', 'GM', 'GE', 'GD', 'GW', 'GY', 'HT', 'JM', 'KI', 'LS', 'LR', 'MW', 'MV', 'ML', 'MH', 'FM', 'NA', 'NR', 'NE', 'PW', 'PG', 'PR', 'WS', 'SM', 'ST', 'SN', 'SC', 'SL', 'SB', 'KN', 'LC', 'VC', 'SR', 'TL', 'TO', 'TT', 'TV', 'VU', 'AZ', 'BN', 'BI', 'KH', 'CM', 'TD', 'KM', 'GQ', 'SZ', 'GA', 'GN', 'KG', 'LA', 'MO', 'MR', 'MN', 'NP', 'RW', 'TG', 'UZ', 'ZW', 'BJ', 'MG', 'MU', 'MZ', 'AO', 'CI', 'DJ', 'ZM', 'CD', 'CG', 'IQ', 'LY', 'TJ', 'VE', 'ET', 'XK']"
Can't Help Falling In Love,6lfxq3CG4xtTiEg7opyCyx,Crazy Rich Asians (Original Motion Picture Soundtrack),2wMz3oVNS1bMXaEWY6QWmA,compilation,Various Artists,0LyfQWJT6nXafLPZqxe9Of,"['AR', 'AU', 'AT', 'BE', 'BO', 'BR', 'BG', 'CA', 'CL', 'CO', 'CR', 'CY', 'CZ', 'DK', 'DO', 'DE', 'EC', 'EE', 'SV', 'FI', 'FR', 'GR', 'GT', 'HN', 'HK', 'HU', 'IS', 'IE', 'IT', 'LV', 'LT', 'LU', 'MY', 'MT', 'MX', 'NL', 'NZ', 'NI', 'NO', 'PA', 'PY', 'PE', 'PH', 'PL', 'PT', 'SG', 'SK', 'ES', 'SE', 'CH', 'TW', 'TR', 'UY', 'US', 'GB', 'AD', 'LI', 'MC', 'ID', 'JP', 'TH', 'VN', 'RO', 'IL', 'ZA', 'SA', 'AE', 'BH', 'QA', 'OM', 'KW', 'EG', 'MA', 'DZ', 'TN', 'LB', 'JO', 'PS', 'IN', 'BY', 'KZ', 'MD', 'UA', 'AL', 'BA', 'HR', 'ME', 'MK', 'RS', 'SI', 'KR', 'BD', 'PK', 'LK', 'GH', 'KE', 'NG', 'TZ', 'UG', 'AG', 'AM', 'BS', 'BB', 'BZ', 'BT', 'BW', 'BF', 'CV', 'CW', 'DM', 'FJ', 'GM', 'GE', 'GD', 'GW', 'GY', 'HT', 'JM', 'KI', 'LS', 'LR', 'MW', 'MV', 'ML', 'MH', 'FM', 'NA', 'NR', 'NE', 'PW', 'PG', 'WS', 'SM', 'ST', 'SN', 'SC', 'SL', 'SB', 'KN', 'LC', 'VC', 'SR', 'TL', 'TO', 'TT', 'TV', 'VU', 'AZ', 'BN', 'BI', 'KH', 'CM', 'TD', 'KM', 'GQ', 'SZ', 'GA', 'GN', 'KG', 'LA', 'MO', 'MR', 'MN', 'NP', 'RW', 'TG', 'UZ', 'ZW', 'BJ', 'MG', 'MU', 'MZ', 'AO', 'CI', 'DJ', 'ZM', 'CD', 'CG', 'IQ', 'LY', 'TJ', 'VE', 'ET', 'XK']"
Hold On,5vjLSffimiIP26QG5WcN2K,Hold On,2EfmyRWheMtmVTCIsptsLi,single,Chord Overstreet,5D3muNJhYYunbRkh3FKgX0,"['AR', 'AU', 'AT', 'BE', 'BO', 'BR', 'BG', 'CA', 'CL', 'CO', 'CR', 'CY', 'CZ', 'DK', 'DO', 'DE', 'EC', 'EE', 'SV', 'FI', 'FR', 'GR', 'GT', 'HN', 'HK', 'HU', 'IS', 'IE', 'IT', 'LV', 'LT', 'LU', 'MY', 'MT', 'MX', 'NL', 'NZ', 'NI', 'NO', 'PA', 'PY', 'PE', 'PH', 'PL', 'PT', 'SG', 'SK', 'ES', 'SE', 'CH', 'TW', 'TR', 'UY', 'US', 'GB', 'AD', 'LI', 'MC', 'ID', 'JP', 'TH', 'VN', 'RO', 'IL', 'ZA', 'SA', 'AE', 'BH', 'QA', 'OM', 'KW', 'EG', 'MA', 'DZ', 'TN', 'LB', 'JO', 'PS', 'IN', 'BY', 'KZ', 'MD', 'UA', 'AL', 'BA', 'HR', 'ME', 'MK', 'RS', 'SI', 'KR', 'BD', 'PK', 'LK', 'GH', 'KE', 'NG', 'TZ', 'UG', 'AG', 'AM', 'BS', 'BB', 'BZ', 'BT', 'BW', 'BF', 'CV', 'CW', 'DM', 'FJ', 'GM', 'GE', 'GD', 'GW', 'GY', 'HT', 'JM', 'KI', 'LS', 'LR', 'MW', 'MV', 'ML', 'MH', 'FM', 'NA', 'NR', 'NE', 'PW', 'PG', 'WS', 'SM', 'ST', 'SN', 'SC', 'SL', 'SB', 'KN', 'LC', 'VC', 'SR', 'TL', 'TO', 'TT', 'TV', 'VU', 'AZ', 'BN', 'BI', 'KH', 'CM', 'TD', 'KM', 'GQ', 'SZ', 'GA', 'GN', 'KG', 'LA', 'MO', 'MR', 'MN', 'NP', 'RW', 'TG', 'UZ', 'ZW', 'BJ', 'MG', 'MU', 'MZ', 'AO', 'CI', 'DJ', 'ZM', 'CD', 'CG', 'IQ', 'LY', 'TJ', 'VE', 'ET', 'XK']"
Days I Will Remember,01MVOl9KtVTNfFiBU9I7dc,Days I Will Remember,7sGGGUDd6LjNoYOvVFiqj2,single,Tyrone Wells,5zeCSgiRyezbfLiGOpKAsR,[]
Say Something,6Vc5wAMmXdKIAM7WUoEb7N,Is There Anybody Out There?,1yOcLa4euMk9sV7rRJ89Dl,album,A Great Big World,5xKp3UyavIBUsGy3DQdXeF,"['AR', 'AU', 'AT', 'BE', 'BO', 'BR', 'BG', 'CA', 'CL', 'CO', 'CR', 'CY', 'CZ', 'DK', 'DO', 'DE', 'EC', 'EE', 'SV', 'FI', 'FR', 'GR', 'GT', 'HN', 'HK', 'HU', 'IS', 'IE', 'IT', 'LV', 'LT', 'LU', 'MY', 'MT', 'MX', 'NL', 'NZ', 'NI', 'NO', 'PA', 'PY', 'PE', 'PH', 'PL', 'PT', 'SG', 'SK', 'ES', 'SE', 'CH', 'TW', 'TR', 'UY', 'US', 'GB', 'AD', 'LI', 'MC', 'ID', 'JP', 'TH', 'VN', 'RO', 'IL', 'ZA', 'SA', 'AE', 'BH', 'QA', 'OM', 'KW', 'EG', 'MA', 'DZ', 'TN', 'LB', 'JO', 'PS', 'IN', 'BY', 'KZ', 'MD', 'UA', 'AL', 'BA', 'HR', 'ME', 'MK', 'RS', 'SI', 'KR', 'BD', 'PK', 'LK', 'GH', 'KE', 'NG', 'TZ', 'UG', 'AG', 'AM', 'BS', 'BB', 'BZ', 'BT', 'BW', 'BF', 'CV', 'CW', 'DM', 'FJ', 'GM', 'GE', 'GD', 'GW', 'GY', 'HT', 'JM', 'KI', 'LS', 'LR', 'MW', 'MV', 'ML', 'MH', 'FM', 'NA', 'NR', 'NE', 'PW', 'PG', 'PR', 'WS', 'SM', 'ST', 'SN', 'SC', 'SL', 'SB', 'KN', 'LC', 'VC', 'SR', 'TL', 'TO', 'TT', 'TV', 'VU', 'AZ', 'BN', 'BI', 'KH', 'CM', 'TD', 'KM', 'GQ', 'SZ', 'GA', 'GN', 'KG', 'LA', 'MO', 'MR', 'MN', 'NP', 'RW', 'TG', 'UZ', 'ZW', 'BJ', 'MG', 'MU', 'MZ', 'AO', 'CI', 'DJ', 'ZM', 'CD', 'CG', 'IQ', 'LY', 'TJ', 'VE', 'ET', 'XK']"
I'm Yours,1EzrEOXmMH3G43AXT1y7pA,We Sing. We Dance. We Steal Things.,04G0YylSjvDQZrjOfE5jA5,album,Jason Mraz,4phGZZrJZRo4ElhRtViYdl,"['AR', 'AU', 'AT', 'BE', 'BO', 'BR', 'BG', 'CA', 'CL', 'CO', 'CR', 'CY', 'CZ', 'DK', 'DO', 'DE', 'EC', 'EE', 'SV', 'FI', 'FR', 'GR', 'GT', 'HN', 'HK', 'HU', 'IS', 'IE', 'IT', 'LV', 'LT', 'LU', 'MY', 'MT', 'MX', 'NL', 'NZ', 'NI', 'NO', 'PA', 'PY', 'PE', 'PH', 'PL', 'PT', 'SG', 'SK', 'ES', 'SE', 'CH', 'TW', 'TR', 'UY', 'US', 'GB', 'AD', 'LI', 'MC', 'ID', 'JP', 'TH', 'VN', 'RO', 'IL', 'ZA', 'SA', 'AE', 'BH', 'QA', 'OM', 'KW', 'EG', 'MA', 'DZ', 'TN', 'LB', 'JO', 'PS', 'IN', 'BY', 'KZ', 'MD', 'UA', 'AL', 'BA', 'HR', 'ME', 'MK', 'RS', 'SI', 'KR', 'BD', 'PK', 'LK', 'GH', 'KE', 'NG', 'TZ', 'UG', 'AG', 'AM', 'BS', 'BB', 'BZ', 'BT', 'BW', 'BF', 'CV', 'CW', 'DM', 'FJ', 'GM', 'GE', 'GD', 'GW', 'GY', 'HT', 'JM', 'KI', 'LS', 'LR', 'MW', 'MV', 'ML', 'MH', 'FM', 'NA', 'NR', 'NE', 'PW', 'PG', 'WS', 'SM', 'ST', 'SN', 'SC', 'SL', 'SB', 'KN', 'LC', 'VC', 'SR', 'TL', 'TO', 'TT', 'TV', 'VU', 'AZ', 'BN', 'BI', 'KH', 'CM', 'TD', 'KM', 'GQ', 'SZ', 'GA', 'GN', 'KG', 'LA', 'MO', 'MR', 'MN', 'NP', 'RW', 'TG', 'UZ', 'ZW', 'BJ', 'MG', 'MU', 'MZ', 'AO', 'CI', 'DJ', 'ZM', 'CD', 'CG', 'IQ', 'LY', 'TJ', 'VE', 'ET', 'XK']"
Lucky,0IktbUcnAGrvD03AWnz3Q8,We Sing. We Dance. We Steal Things.,04G0YylSjvDQZrjOfE5jA5,album,Jason Mraz,4phGZZrJZRo4ElhRtViYdl,"['AR', 'AU', 'AT', 'BE', 'BO', 'BR', 'BG', 'CA', 'CL', 'CO', 'CR', 'CY', 'CZ', 'DK', 'DO', 'DE', 'EC', 'EE', 'SV', 'FI', 'FR', 'GR', 'GT', 'HN', 'HK', 'HU', 'IS', 'IE', 'IT', 'LV', 'LT', 'LU', 'MY', 'MT', 'MX', 'NL', 'NZ', 'NI', 'NO', 'PA', 'PY', 'PE', 'PH', 'PL', 'PT', 'SG', 'SK', 'ES', 'SE', 'CH', 'TW', 'TR', 'UY', 'US', 'GB', 'AD', 'LI', 'MC', 'ID', 'JP', 'TH', 'VN', 'RO', 'IL', 'ZA', 'SA', 'AE', 'BH', 'QA', 'OM', 'KW', 'EG', 'MA', 'DZ', 'TN', 'LB', 'JO', 'PS', 'IN', 'BY', 'KZ', 'MD', 'UA', 'AL', 'BA', 'HR', 'ME', 'MK', 'RS', 'SI', 'KR', 'BD', 'PK', 'LK', 'GH', 'KE', 'NG', 'TZ', 'UG', 'AG', 'AM', 'BS', 'BB', 'BZ', 'BT', 'BW', 'BF', 'CV', 'CW', 'DM', 'FJ', 'GM', 'GE', 'GD', 'GW', 'GY', 'HT', 'JM', 'KI', 'LS', 'LR', 'MW', 'MV', 'ML', 'MH', 'FM', 'NA', 'NR', 'NE', 'PW', 'PG', 'WS', 'SM', 'ST', 'SN', 'SC', 'SL', 'SB', 'KN', 'LC', 'VC', 'SR', 'TL', 'TO', 'TT', 'TV', 'VU', 'AZ', 'BN', 'BI', 'KH', 'CM', 'TD', 'KM', 'GQ', 'SZ', 'GA', 'GN', 'KG', 'LA', 'MO', 'MR', 'MN', 'NP', 'RW', 'TG', 'UZ', 'ZW', 'BJ', 'MG', 'MU', 'MZ', 'AO', 'CI', 'DJ', 'ZM', 'CD', 'CG', 'IQ', 'LY', 'TJ', 'VE', 'ET', 'XK']"
Hunger,7k9GuJYLp2AzqokyEdwEw2,Hunger,4zLvvZhL4dcEBW2wKRf9H1,single,Ross Copperman,5nHR37FDSU4I0QQta0AZ1C,"['AR', 'AU', 'AT', 'BE', 'BO', 'BR', 'BG', 'CA', 'CL', 'CO', 'CR', 'CY', 'CZ', 'DK', 'DO', 'DE', 'EC', 'EE', 'SV', 'FI', 'FR', 'GR', 'GT', 'HN', 'HK', 'HU', 'IS', 'IE', 'IT', 'LV', 'LT', 'LU', 'MY', 'MT', 'MX', 'NL', 'NZ', 'NI', 'NO', 'PA', 'PY', 'PE', 'PH', 'PL', 'PT', 'SG', 'SK', 'ES', 'SE', 'CH', 'TW', 'TR', 'UY', 'US', 'GB', 'AD', 'LI', 'MC', 'ID', 'JP', 'TH', 'VN', 'RO', 'IL', 'ZA', 'SA', 'AE', 'BH', 'QA', 'OM', 'KW', 'EG', 'MA', 'DZ', 'TN', 'LB', 'JO', 'PS', 'IN', 'BY', 'KZ', 'MD', 'UA', 'AL', 'BA', 'HR', 'ME', 'MK', 'RS', 'SI', 'KR', 'BD', 'PK', 'LK', 'GH', 'KE', 'NG', 'TZ', 'UG', 'AG', 'AM', 'BS', 'BB', 'BZ', 'BT', 'BW', 'BF', 'CV', 'CW', 'DM', 'FJ', 'GM', 'GE', 'GD', 'GW', 'GY', 'HT', 'JM', 'KI', 'LS', 'LR', 'MW', 'MV', 'ML', 'MH', 'FM', 'NA', 'NR', 'NE', 'PW', 'PG', 'PR', 'WS', 'SM', 'ST', 'SN', 'SC', 'SL', 'SB', 'KN', 'LC', 'VC', 'SR', 'TL', 'TO', 'TT', 'TV', 'VU', 'AZ', 'BN', 'BI', 'KH', 'CM', 'TD', 'KM', 'GQ', 'SZ', 'GA', 'GN', 'KG', 'LA', 'MO', 'MR', 'MN', 'NP', 'RW', 'TG', 'UZ', 'ZW', 'BJ', 'MG', 'MU', 'MZ', 'AO', 'CI', 'DJ', 'ZM', 'CD', 'CG', 'IQ', 'LY', 'TJ', 'VE', 'ET', 'XK']"
Give Me Your Forever,4mzP5mHkRvGxdhdGdAH7EJ,Episode,7IW9irtFutjRET02MjOjdW,album,Zack Tabudlo,67IN4cLJ7798gUapyZlmac,"['AR', 'AU', 'AT', 'BE', 'BO', 'BR', 'BG', 'CA', 'CL', 'CO', 'CR', 'CY', 'CZ', 'DK', 'DO', 'DE', 'EC', 'EE', 'SV', 'FI', 'FR', 'GR', 'GT', 'HN', 'HK', 'HU', 'IS', 'IE', 'IT', 'LV', 'LT', 'LU', 'MY', 'MT', 'MX', 'NL', 'NZ', 'NI', 'NO', 'PA', 'PY', 'PE', 'PH', 'PL', 'PT', 'SG', 'SK', 'ES', 'SE', 'CH', 'TW', 'TR', 'UY', 'US', 'GB', 'AD', 'LI', 'MC', 'ID', 'JP', 'TH', 'VN', 'RO', 'IL', 'ZA', 'SA', 'AE', 'BH', 'QA', 'OM', 'KW', 'EG', 'MA', 'DZ', 'TN', 'LB', 'JO', 'PS', 'IN', 'BY', 'KZ', 'MD', 'UA', 'AL', 'BA', 'HR', 'ME', 'MK', 'RS', 'SI', 'KR', 'BD', 'PK', 'LK', 'GH', 'KE', 'NG', 'TZ', 'UG', 'AG', 'AM', 'BS', 'BB', 'BZ', 'BT', 'BW', 'BF', 'CV', 'CW', 'DM', 'FJ', 'GM', 'GE', 'GD', 'GW', 'GY', 'HT', 'JM', 'KI', 'LS', 'LR', 'MW', 'MV', 'ML', 'MH', 'FM', 'NA', 'NR', 'NE', 'PW', 'PG', 'WS', 'SM', 'ST', 'SN', 'SC', 'SL', 'SB', 'KN', 'LC', 'VC', 'SR', 'TL', 'TO', 'TT', 'TV', 'VU', 'AZ', 'BN', 'BI', 'KH', 'CM', 'TD', 'KM', 'GQ', 'SZ', 'GA', 'GN', 'KG', 'LA', 'MO', 'MR', 'MN', 'NP', 'RW', 'TG', 'UZ', 'ZW', 'BJ', 'MG', 'MU', 'MZ', 'AO', 'CI', 'DJ', 'ZM', 'CD', 'CG', 'IQ', 'LY', 'TJ', 'VE', 'ET', 'XK']"
I Won't Give Up,5ivF4eQBqJiVL5IAE9jRyl,Love Is a Four Letter Word,7oD9oCCtFhg5RoLtMR5TKl,album,Jason Mraz,4phGZZrJZRo4ElhRtViYdl,"['AR', 'AU', 'AT', 'BE', 'BO', 'BR', 'BG', 'CL', 'CO', 'CR', 'CY', 'CZ', 'DK', 'DO', 'DE', 'EC', 'EE', 'SV', 'FI', 'FR', 'GR', 'GT', 'HN', 'HK', 'HU', 'IE', 'IT', 'LV', 'LT', 'LU', 'MY', 'MT', 'MX', 'NL', 'NZ', 'NI', 'NO', 'PA', 'PY', 'PE', 'PH', 'PL', 'PT', 'SG', 'SK', 'ES', 'SE', 'CH', 'TW', 'TR', 'UY', 'GB', 'LI', 'ID', 'JP', 'TH', 'VN', 'RO', 'IL', 'ZA', 'SA', 'AE', 'BH', 'QA', 'OM', 'KW', 'EG', 'MA', 'DZ', 'TN', 'LB', 'JO', 'PS', 'IN', 'BY', 'KZ', 'MD', 'UA', 'AL', 'BA', 'HR', 'ME', 'MK', 'RS', 'SI', 'KR', 'BD', 'PK', 'LK', 'GH', 'KE', 'NG', 'TZ', 'UG', 'AG', 'AM', 'BS', 'BB', 'BZ', 'BW', 'BF', 'CV', 'CW', 'DM', 'FJ', 'GM', 'GE', 'GD', 'GW', 'HT', 'JM', 'LS', 'LR', 'MW', 'ML', 'FM', 'NA', 'NE', 'PG', 'PR', 'ST', 'SN', 'SC', 'SL', 'KN', 'LC', 'VC', 'TL', 'TT', 'AZ', 'BN', 'BI', 'KH', 'CM', 'TD', 'KM', 'GQ', 'SZ', 'GA', 'GN', 'KG', 'LA', 'MO', 'MR', 'MN', 'NP', 'RW', 'TG', 'UZ', 'ZW', 'BJ', 'MG', 'MU', 'MZ', 'AO', 'CI', 'DJ', 'ZM', 'CD', 'CG', 'IQ', 'LY', 'TJ', 'VE', 'ET', 'XK']"
Solo,4ptDJbJl35d7gQfeNteBwp,Solo,3dS1DCljr8LjIweYoUhbgB,single,Dan Berk,2kfmnXYxa9yh0RkUBPjSwZ,"['AR', 'AU', 'AT', 'BE', 'BO', 'BR', 'BG', 'CA', 'CL', 'CO', 'CR', 'CY', 'CZ', 'DK', 'DO', 'DE', 'EC', 'EE', 'SV', 'FI', 'FR', 'GR', 'GT', 'HN', 'HK', 'HU', 'IS', 'IE', 'IT', 'LV', 'LT', 'LU', 'MY', 'MT', 'MX', 'NL', 'NZ', 'NI', 'NO', 'PA', 'PY', 'PE', 'PH', 'PL', 'PT', 'SG', 'SK', 'ES', 'SE', 'CH', 'TW', 'TR', 'UY', 'US', 'GB', 'AD', 'LI', 'MC', 'ID', 'JP', 'TH', 'VN', 'RO', 'IL', 'ZA', 'SA', 'AE', 'BH', 'QA', 'OM', 'KW', 'EG', 'MA', 'DZ', 'TN', 'LB', 'JO', 'PS', 'IN', 'BY', 'KZ', 'MD', 'UA', 'AL', 'BA', 'HR', 'ME', 'MK', 'RS', 'SI', 'KR', 'BD', 'PK', 'LK', 'GH', 'KE', 'NG', 'TZ', 'UG', 'AG', 'AM', 'BS', 'BB', 'BZ', 'BT', 'BW', 'BF', 'CV', 'CW', 'DM', 'FJ', 'GM', 'GE', 'GD', 'GW', 'GY', 'HT', 'JM', 'KI', 'LS', 'LR', 'MW', 'MV', 'ML', 'MH', 'FM', 'NA', 'NR', 'NE', 'PW', 'PG', 'PR', 'WS', 'SM', 'ST', 'SN', 'SC', 'SL', 'SB', 'KN', 'LC', 'VC', 'SR', 'TL', 'TO', 'TT', 'TV', 'VU', 'AZ', 'BN', 'BI', 'KH', 'CM', 'TD', 'KM', 'GQ', 'SZ', 'GA', 'GN', 'KG', 'LA', 'MO', 'MR', 'MN', 'NP', 'RW', 'TG', 'UZ', 'ZW', 'BJ', 'MG', 'MU', 'MZ', 'AO', 'CI', 'DJ', 'ZM', 'CD', 'CG', 'IQ', 'LY', 'TJ', 'VE', 'ET', 'XK']"
Bad Liar,0X9MxHR1rTkEHDjp95F2OO,Bad Liar,6IdvWkRjBo772ugh9HTXFn,single,Anna Hamilton,5l81swbnEwWXCTQiEYmATF,"['AR', 'AU', 'AT', 'BE', 'BO', 'BR', 'BG', 'CA', 'CL', 'CO', 'CR', 'CY', 'CZ', 'DK', 'DO', 'DE', 'EC', 'EE', 'SV', 'FI', 'FR', 'GR', 'GT', 'HN', 'HK', 'HU', 'IS', 'IE', 'IT', 'LV', 'LT', 'LU', 'MY', 'MT', 'MX', 'NL', 'NZ', 'NI', 'NO', 'PA', 'PY', 'PE', 'PH', 'PL', 'PT', 'SG', 'SK', 'ES', 'SE', 'CH', 'TW', 'TR', 'UY', 'US', 'GB', 'AD', 'LI', 'MC', 'ID', 'JP', 'TH', 'VN', 'RO', 'IL', 'ZA', 'SA', 'AE', 'BH', 'QA', 'OM', 'KW', 'EG', 'MA', 'DZ', 'TN', 'LB', 'JO', 'PS', 'IN', 'BY', 'KZ', 'MD', 'UA', 'AL', 'BA', 'HR', 'ME', 'MK', 'RS', 'SI', 'KR', 'BD', 'PK', 'LK', 'GH', 'KE', 'NG', 'TZ', 'UG', 'AG', 'AM', 'BS', 'BB', 'BZ', 'BT', 'BW', 'BF', 'CV', 'CW', 'DM', 'FJ', 'GM', 'GE', 'GD', 'GW', 'GY', 'HT', 'JM', 'KI', 'LS', 'LR', 'MW', 'MV', 'ML', 'MH', 'FM', 'NA', 'NR', 'NE', 'PW', 'PG', 'PR', 'WS', 'SM', 'ST', 'SN', 'SC', 'SL', 'SB', 'KN', 'LC', 'VC', 'SR', 'TL', 'TO', 'TT', 'TV', 'VU', 'AZ', 'BN', 'BI', 'KH', 'CM', 'TD', 'KM', 'GQ', 'SZ', 'GA', 'GN', 'KG', 'LA', 'MO', 'MR', 'MN', 'NP', 'RW', 'TG', 'UZ', 'ZW', 'BJ', 'MG', 'MU', 'MZ', 'AO', 'CI', 'DJ', 'ZM', 'CD', 'CG', 'IQ', 'LY', 'TJ', 'VE', 'ET', 'XK']"
Hold On - Remix,4LbWtBkN82ZRhz9jqzgrb3,Hold On (Remix),4Xy997QTkKNc5Gt5t9eKmy,single,Chord Overstreet,5D3muNJhYYunbRkh3FKgX0,"['AR', 'AU', 'AT', 'BE', 'BO', 'BR', 'BG', 'CA', 'CL', 'CO', 'CR', 'CY', 'CZ', 'DK', 'DO', 'DE', 'EC', 'EE', 'SV', 'FI', 'FR', 'GR', 'GT', 'HN', 'HK', 'HU', 'IS', 'IE', 'IT', 'LV', 'LT', 'LU', 'MY', 'MT', 'MX', 'NL', 'NZ', 'NI', 'NO', 'PA', 'PY', 'PE', 'PH', 'PL', 'PT', 'SG', 'SK', 'ES', 'SE', 'CH', 'TW', 'TR', 'UY', 'US', 'GB', 'AD', 'LI', 'MC', 'ID', 'JP', 'TH', 'VN', 'RO', 'IL', 'ZA', 'SA', 'AE', 'BH', 'QA', 'OM', 'KW', 'EG', 'MA', 'DZ', 'TN', 'LB', 'JO', 'PS', 'IN', 'BY', 'KZ', 'MD', 'UA', 'AL', 'BA', 'HR', 'ME', 'MK', 'RS', 'SI', 'KR', 'BD', 'PK', 'LK', 'GH', 'KE', 'NG', 'TZ', 'UG', 'AG', 'AM', 'BS', 'BB', 'BZ', 'BT', 'BW', 'BF', 'CV', 'CW', 'DM', 'FJ', 'GM', 'GE', 'GD', 'GW', 'GY', 'HT', 'JM', 'KI', 'LS', 'LR', 'MW', 'MV', 'ML', 'MH', 'FM', 'NA', 'NR', 'NE', 'PW', 'PG', 'WS', 'SM', 'ST', 'SN', 'SC', 'SL', 'SB', 'KN', 'LC', 'VC', 'SR', 'TL', 'TO', 'TT', 'TV', 'VU', 'AZ', 'BN', 'BI', 'KH', 'CM', 'TD', 'KM', 'GQ', 'SZ', 'GA', 'GN', 'KG', 'LA', 'MO', 'MR', 'MN', 'NP', 'RW', 'TG', 'UZ', 'ZW', 'BJ', 'MG', 'MU', 'MZ', 'AO', 'CI', 'DJ', 'ZM', 'CD', 'CG', 'IQ', 'LY', 'TJ', 'VE', 'ET', 'XK']"
Falling in Love at a Coffee Shop,1KHdq8NK9QxnGjdXb55NiG,The Boy Who Never,1fFFfcxhKi0kSPhm8kdOuf,album,Landon Pigg,1whjlG0NSaQytgDIWz10GS,"['AR', 'AT', 'BE', 'BO', 'BR', 'BG', 'CA', 'CL', 'CO', 'CR', 'CY', 'CZ', 'DK', 'DO', 'EC', 'EE', 'SV', 'FI', 'FR', 'GR', 'GT', 'HN', 'HK', 'HU', 'IS', 'IE', 'IT', 'LV', 'LT', 'LU', 'MY', 'MT', 'MX', 'NL', 'NI', 'NO', 'PA', 'PY', 'PE', 'PH', 'PL', 'PT', 'SG', 'SK', 'ES', 'SE', 'CH', 'TW', 'TR', 'UY', 'US', 'GB', 'AD', 'LI', 'MC', 'ID', 'JP', 'TH', 'VN', 'RO', 'IL', 'ZA', 'SA', 'AE', 'BH', 'QA', 'OM', 'KW', 'EG', 'MA', 'DZ', 'TN', 'LB', 'JO', 'PS', 'IN', 'BY', 'KZ', 'MD', 'UA', 'AL', 'BA', 'HR', 'ME', 'MK', 'RS', 'SI', 'KR', 'BD', 'PK', 'LK', 'GH', 'KE', 'NG', 'TZ', 'UG', 'AG', 'AM', 'BS', 'BB', 'BZ', 'BT', 'BW', 'BF', 'CV', 'CW', 'DM', 'GM', 'GE', 'GD', 'GW', 'GY', 'HT', 'JM', 'LS', 'LR', 'MW', 'MV', 'ML', 'FM', 'NA', 'NE', 'PR', 'SM', 'ST', 'SN', 'SC', 'SL', 'KN', 'LC', 'VC', 'SR', 'TL', 'TT', 'AZ', 'BN', 'BI', 'KH', 'CM', 'TD', 'KM', 'GQ', 'SZ', 'GA', 'GN', 'KG', 'LA', 'MO', 'MR', 'MN', 'NP', 'RW', 'TG', 'UZ', 'ZW', 'BJ', 'MG', 'MU', 'MZ', 'AO', 'CI', 'DJ', 'ZM', 'CD', 'CG', 'IQ', 'LY', 'TJ', 'VE', 'ET', 'XK']"
ily (i love you baby),6xKeQgzfjixSUld14qUezm,ily (i love you baby),5ZBLybhhfb7d8RFt7kEvYg,single,Andrew Foy,65vC7eduMeu5MYUXVqIhyg,"['AR', 'AU', 'AT', 'BE', 'BO', 'BR', 'BG', 'CA', 'CL', 'CO', 'CR', 'CY', 'CZ', 'DK', 'DO', 'DE', 'EC', 'EE', 'SV', 'FI', 'FR', 'GR', 'GT', 'HN', 'HK', 'HU', 'IS', 'IE', 'IT', 'LV', 'LT', 'LU', 'MY', 'MT', 'MX', 'NL', 'NZ', 'NI', 'NO', 'PA', 'PY', 'PE', 'PH', 'PL', 'PT', 'SG', 'SK', 'ES', 'SE', 'CH', 'TW', 'TR', 'UY', 'US', 'GB', 'AD', 'LI', 'MC', 'ID', 'JP', 'TH', 'VN', 'RO', 'IL', 'ZA', 'SA', 'AE', 'BH', 'QA', 'OM', 'KW', 'EG', 'MA', 'DZ', 'TN', 'LB', 'JO', 'PS', 'IN', 'BY', 'KZ', 'MD', 'UA', 'AL', 'BA', 'HR', 'ME', 'MK', 'RS', 'SI', 'KR', 'BD', 'PK', 'LK', 'GH', 'KE', 'NG', 'TZ', 'UG', 'AG', 'AM', 'BS', 'BB', 'BZ', 'BT', 'BW', 'BF', 'CV', 'CW', 'DM', 'FJ', 'GM', 'GE', 'GD', 'GW', 'GY', 'HT', 'JM', 'KI', 'LS', 'LR', 'MW', 'MV', 'ML', 'MH', 'FM', 'NA', 'NR', 'NE', 'PW', 'PG', 'PR', 'WS', 'SM', 'ST', 'SN', 'SC', 'SL', 'SB', 'KN', 'LC', 'VC', 'SR', 'TL', 'TO', 'TT', 'TV', 'VU', 'AZ', 'BN', 'BI', 'KH', 'CM', 'TD', 'KM', 'GQ', 'SZ', 'GA', 'GN', 'KG', 'LA', 'MO', 'MR', 'MN', 'NP', 'RW', 'TG', 'UZ', 'ZW', 'BJ', 'MG', 'MU', 'MZ', 'AO', 'CI', 'DJ', 'ZM', 'CD', 'CG', 'IQ', 'LY', 'TJ', 'VE', 'ET', 'XK']"
At My Worst,4Yo0igmcoNyat1secaH0OD,At My Worst,0sD5PrnUg9t95AMfJSEvEp,single,Andrew Foy,65vC7eduMeu5MYUXVqIhyg,"['AR', 'AU', 'AT', 'BE', 'BO', 'BR', 'BG', 'CA', 'CL', 'CO', 'CR', 'CY', 'CZ', 'DK', 'DO', 'DE', 'EC', 'EE', 'SV', 'FI', 'FR', 'GR', 'GT', 'HN', 'HK', 'HU', 'IS', 'IE', 'IT', 'LV', 'LT', 'LU', 'MY', 'MT', 'MX', 'NL', 'NZ', 'NI', 'NO', 'PA', 'PY', 'PE', 'PH', 'PL', 'PT', 'SG', 'SK', 'ES', 'SE', 'CH', 'TW', 'TR', 'UY', 'US', 'GB', 'AD', 'LI', 'MC', 'ID', 'JP', 'TH', 'VN', 'RO', 'IL', 'ZA', 'SA', 'AE', 'BH', 'QA', 'OM', 'KW', 'EG', 'MA', 'DZ', 'TN', 'LB', 'JO', 'PS', 'IN', 'BY', 'KZ', 'MD', 'UA', 'AL', 'BA', 'HR', 'ME', 'MK', 'RS', 'SI', 'KR', 'BD', 'PK', 'LK', 'GH', 'KE', 'NG', 'TZ', 'UG', 'AG', 'AM', 'BS', 'BB', 'BZ', 'BT', 'BW', 'BF', 'CV', 'CW', 'DM', 'FJ', 'GM', 'GE', 'GD', 'GW', 'GY', 'HT', 'JM', 'KI', 'LS', 'LR', 'MW', 'MV', 'ML', 'MH', 'FM', 'NA', 'NR', 'NE', 'PW', 'PG', 'PR', 'WS', 'SM', 'ST', 'SN', 'SC', 'SL', 'SB', 'KN', 'LC', 'VC', 'SR', 'TL', 'TO', 'TT', 'TV', 'VU', 'AZ', 'BN', 'BI', 'KH', 'CM', 'TD', 'KM', 'GQ', 'SZ', 'GA', 'GN', 'KG', 'LA', 'MO', 'MR', 'MN', 'NP', 'RW', 'TG', 'UZ', 'ZW', 'BJ', 'MG', 'MU', 'MZ', 'AO', 'CI', 'DJ', 'ZM', 'CD', 'CG', 'IQ', 'LY', 'TJ', 'VE', 'ET', 'XK']"
Lucky,2qLMf6TuEC3ruGJg4SMMN6,We Sing. We Dance. We Steal Things. (Bonus Tracks Version),1UwzOp5hn3lAbOqsAfXBw8,album,Jason Mraz,4phGZZrJZRo4ElhRtViYdl,"['AR', 'AU', 'AT', 'BE', 'BO', 'BR', 'BG', 'CA', 'CL', 'CO', 'CR', 'CY', 'CZ', 'DK', 'DO', 'DE', 'EC', 'EE', 'SV', 'FI', 'FR', 'GR', 'GT', 'HN', 'HK', 'HU', 'IS', 'IE', 'IT', 'LV', 'LT', 'LU', 'MY', 'MT', 'MX', 'NL', 'NZ', 'NI', 'NO', 'PA', 'PY', 'PE', 'PH', 'PL', 'PT', 'SG', 'SK', 'ES', 'SE', 'CH', 'TW', 'TR', 'UY', 'US', 'GB', 'AD', 'LI', 'MC', 'ID', 'JP', 'TH', 'VN', 'RO', 'IL', 'ZA', 'SA', 'AE', 'BH', 'QA', 'OM', 'KW', 'EG', 'MA', 'DZ', 'TN', 'LB', 'JO', 'PS', 'IN', 'BY', 'KZ', 'MD', 'UA', 'AL', 'BA', 'HR', 'ME', 'MK', 'RS', 'SI', 'KR', 'BD', 'PK', 'LK', 'GH', 'KE', 'NG', 'TZ', 'UG', 'AG', 'AM', 'BS', 'BB', 'BZ', 'BT', 'BW', 'BF', 'CV', 'CW', 'DM', 'FJ', 'GM', 'GE', 'GD', 'GW', 'GY', 'HT', 'JM', 'KI', 'LS', 'LR', 'MW', 'MV', 'ML', 'MH', 'FM', 'NA', 'NR', 'NE', 'PW', 'PG', 'PR', 'WS', 'SM', 'ST', 'SN', 'SC', 'SL', 'SB', 'KN', 'LC', 'VC', 'SR', 'TL', 'TO', 'TT', 'TV', 'VU', 'AZ', 'BN', 'BI', 'KH', 'CM', 'TD', 'KM', 'GQ', 'SZ', 'GA', 'GN', 'KG', 'LA', 'MO', 'MR', 'MN', 'NP', 'RW', 'TG', 'UZ', 'ZW', 'BJ', 'MG', 'MU', 'MZ', 'AO', 'CI', 'DJ', 'ZM', 'CD', 'CG', 'IQ', 'LY', 'TJ', 'VE', 'ET', 'XK']"
Photograph,6CgNoAbFJ4Q4Id4EjtbXlC,"Cover Sessions, Vol. 4",4GRswj5X73eFGhe6QDTRCD,album,Boyce Avenue,7CQwac16i1W5ej8YpuL3dv,"['AR', 'AU', 'AT', 'BE', 'BO', 'BR', 'BG', 'CA', 'CL', 'CO', 'CR', 'CY', 'CZ', 'DK', 'DO', 'DE', 'EC', 'EE', 'SV', 'FI', 'FR', 'GR', 'GT', 'HN', 'HK', 'HU', 'IS', 'IE', 'IT', 'LV', 'LT', 'LU', 'MY', 'MT', 'MX', 'NL', 'NZ', 'NI', 'NO', 'PA', 'PY', 'PE', 'PH', 'PL', 'PT', 'SG', 'SK', 'ES', 'SE', 'CH', 'TW', 'TR', 'UY', 'US', 'GB', 'AD', 'LI', 'MC', 'ID', 'JP', 'TH', 'VN', 'RO', 'IL', 'ZA', 'SA', 'AE', 'BH', 'QA', 'OM', 'KW', 'EG', 'MA', 'DZ', 'TN', 'LB', 'JO', 'PS', 'IN', 'BY', 'KZ', 'MD', 'UA', 'AL', 'BA', 'HR', 'ME', 'MK', 'RS', 'SI', 'KR', 'BD', 'PK', 'LK', 'GH', 'KE', 'NG', 'TZ', 'UG', 'AG', 'AM', 'BS', 'BB', 'BZ', 'BT', 'BW', 'BF', 'CV', 'CW', 'DM', 'FJ', 'GM', 'GE', 'GD', 'GW', 'GY', 'HT', 'JM', 'KI', 'LS', 'LR', 'MW', 'MV', 'ML', 'MH', 'FM', 'NA', 'NR', 'NE', 'PW', 'PG', 'PR', 'WS', 'SM', 'ST', 'SN', 'SC', 'SL', 'SB', 'KN', 'LC', 'VC', 'SR', 'TL', 'TO', 'TT', 'TV', 'VU', 'AZ', 'BN', 'BI', 'KH', 'CM', 'TD', 'KM', 'GQ', 'SZ', 'GA', 'GN', 'KG', 'LA', 'MO', 'MR', 'MN', 'NP', 'RW', 'TG', 'UZ', 'ZW', 'BJ', 'MG', 'MU', 'MZ', 'AO', 'CI', 'DJ', 'ZM', 'CD', 'CG', 'IQ', 'LY', 'TJ', 'VE', 'ET', 'XK']"
I'm Yours,3S0OXQeoh0w6AY8WQVckRW,We Sing. We Dance. We Steal Things. (Bonus Tracks Version),1UwzOp5hn3lAbOqsAfXBw8,album,Jason Mraz,4phGZZrJZRo4ElhRtViYdl,"['AR', 'AU', 'AT', 'BE', 'BO', 'BR', 'BG', 'CA', 'CL', 'CO', 'CR', 'CY', 'CZ', 'DK', 'DO', 'DE', 'EC', 'EE', 'SV', 'FI', 'FR', 'GR', 'GT', 'HN', 'HK', 'HU', 'IS', 'IE', 'IT', 'LV', 'LT', 'LU', 'MY', 'MT', 'MX', 'NL', 'NZ', 'NI', 'NO', 'PA', 'PY', 'PE', 'PH', 'PL', 'PT', 'SG', 'SK', 'ES', 'SE', 'CH', 'TW', 'TR', 'UY', 'US', 'GB', 'AD', 'LI', 'MC', 'ID', 'JP', 'TH', 'VN', 'RO', 'IL', 'ZA', 'SA', 'AE', 'BH', 'QA', 'OM', 'KW', 'EG', 'MA', 'DZ', 'TN', 'LB', 'JO', 'PS', 'IN', 'BY', 'KZ', 'MD', 'UA', 'AL', 'BA', 'HR', 'ME', 'MK', 'RS', 'SI', 'KR', 'BD', 'PK', 'LK', 'GH', 'KE', 'NG', 'TZ', 'UG', 'AG', 'AM', 'BS', 'BB', 'BZ', 'BT', 'BW', 'BF', 'CV', 'CW', 'DM', 'FJ', 'GM', 'GE', 'GD', 'GW', 'GY', 'HT', 'JM', 'KI', 'LS', 'LR', 'MW', 'MV', 'ML', 'MH', 'FM', 'NA', 'NR', 'NE', 'PW', 'PG', 'PR', 'WS', 'SM', 'ST', 'SN', 'SC', 'SL', 'SB', 'KN', 'LC', 'VC', 'SR', 'TL', 'TO', 'TT', 'TV', 'VU', 'AZ', 'BN', 'BI', 'KH', 'CM', 'TD', 'KM', 'GQ', 'SZ', 'GA', 'GN', 'KG', 'LA', 'MO', 'MR', 'MN', 'NP', 'RW', 'TG', 'UZ', 'ZW', 'BJ', 'MG', 'MU', 'MZ', 'AO', 'CI', 'DJ', 'ZM', 'CD', 'CG', 'IQ', 'LY', 'TJ', 'VE', 'ET', 'XK']"
Demons,210JCw2LbYD4YIs8GiZ9iP,"Cover Sessions, Vol. 3",1DpZ3jGqyRCTQ8Eoas1MP4,album,Boyce Avenue,7CQwac16i1W5ej8YpuL3dv,"['AR', 'AU', 'AT', 'BE', 'BO', 'BR', 'BG', 'CA', 'CL', 'CO', 'CR', 'CY', 'CZ', 'DK', 'DO', 'DE', 'EC', 'EE', 'SV', 'FI', 'FR', 'GR', 'GT', 'HN', 'HK', 'HU', 'IS', 'IE', 'IT', 'LV', 'LT', 'LU', 'MY', 'MT', 'MX', 'NL', 'NZ', 'NI', 'NO', 'PA', 'PY', 'PE', 'PH', 'PL', 'PT', 'SG', 'SK', 'ES', 'SE', 'CH', 'TW', 'TR', 'UY', 'US', 'GB', 'AD', 'LI', 'MC', 'ID', 'JP', 'TH', 'VN', 'RO', 'IL', 'ZA', 'SA', 'AE', 'BH', 'QA', 'OM', 'KW', 'EG', 'MA', 'DZ', 'TN', 'LB', 'JO', 'PS', 'IN', 'BY', 'KZ', 'MD', 'UA', 'AL', 'BA', 'HR', 'ME', 'MK', 'RS', 'SI', 'KR', 'BD', 'PK', 'LK', 'GH', 'KE', 'NG', 'TZ', 'UG', 'AG', 'AM', 'BS', 'BB', 'BZ', 'BT', 'BW', 'BF', 'CV', 'CW', 'DM', 'FJ', 'GM', 'GE', 'GD', 'GW', 'GY', 'HT', 'JM', 'KI', 'LS', 'LR', 'MW', 'MV', 'ML', 'MH', 'FM', 'NA', 'NR', 'NE', 'PW', 'PG', 'PR', 'WS', 'SM', 'ST', 'SN', 'SC', 'SL', 'SB', 'KN', 'LC', 'VC', 'SR', 'TL', 'TO', 'TT', 'TV', 'VU', 'AZ', 'BN', 'BI', 'KH', 'CM', 'TD', 'KM', 'GQ', 'SZ', 'GA', 'GN', 'KG', 'LA', 'MO', 'MR', 'MN', 'NP', 'RW', 'TG', 'UZ', 'ZW', 'BJ', 'MG', 'MU', 'MZ', 'AO', 'CI', 'DJ', 'ZM', 'CD', 'CG', 'IQ', 'LY', 'TJ', 'VE', 'ET', 'XK']"
Say Something,5TvE3pk05pyFIGdSY9j4DJ,Is There Anybody Out There? - Track by Track Commentary,3kwbwO3wtwyNo7zCFzWkcW,album,A Great Big World,5xKp3UyavIBUsGy3DQdXeF,"['AR', 'AU', 'AT', 'BE', 'BO', 'BR', 'BG', 'CA', 'CL', 'CO', 'CR', 'CY', 'CZ', 'DK', 'DO', 'DE', 'EC', 'EE', 'SV', 'FI', 'FR', 'GR', 'GT', 'HN', 'HK', 'HU', 'IS', 'IE', 'IT', 'LV', 'LT', 'LU', 'MY', 'MT', 'MX', 'NL', 'NZ', 'NI', 'NO', 'PA', 'PY', 'PE', 'PH', 'PL', 'PT', 'SG', 'SK', 'ES', 'SE', 'CH', 'TW', 'TR', 'UY', 'GB', 'AD', 'LI', 'MC', 'ID', 'JP', 'TH', 'VN', 'RO', 'IL', 'ZA', 'SA', 'AE', 'BH', 'QA', 'OM', 'KW', 'EG', 'MA', 'DZ', 'TN', 'LB', 'JO', 'PS', 'IN', 'BY', 'KZ', 'MD', 'UA', 'AL', 'BA', 'HR', 'ME', 'MK', 'RS', 'SI', 'KR', 'BD', 'PK', 'LK', 'GH', 'KE', 'NG', 'TZ', 'UG', 'AG', 'AM', 'BS', 'BB', 'BZ', 'BT', 'BW', 'BF', 'CV', 'CW', 'DM', 'FJ', 'GM', 'GE', 'GD', 'GW', 'GY', 'HT', 'JM', 'KI', 'LS', 'LR', 'MW', 'MV', 'ML', 'MH', 'FM', 'NA', 'NR', 'NE', 'PW', 'PG', 'WS', 'SM', 'ST', 'SN', 'SC', 'SL', 'SB', 'KN', 'LC', 'VC', 'SR', 'TL', 'TO', 'TT', 'TV', 'VU', 'AZ', 'BN', 'BI', 'KH', 'CM', 'TD', 'KM', 'GQ', 'SZ', 'GA', 'GN', 'KG', 'LA', 'MO', 'MR', 'MN', 'NP', 'RW', 'TG', 'UZ', 'ZW', 'BJ', 'MG', 'MU', 'MZ', 'AO', 'CI', 'DJ', 'ZM', 'CD', 'CG', 'IQ', 'LY', 'TJ', 'VE', 'ET', 'XK']"
93 Million Miles,0BUuuEvNa5T4lMaewyiudB,Coffee Moment,04KowFQhH1EvlLQZHh74q5,compilation,Various Artists,0LyfQWJT6nXafLPZqxe9Of,"['AR', 'AU', 'AT', 'BE', 'BO', 'BR', 'BG', 'CA', 'CL', 'CO', 'CR', 'CY', 'CZ', 'DK', 'DO', 'DE', 'EC', 'EE', 'SV', 'FI', 'FR', 'GR', 'GT', 'HN', 'HK', 'HU', 'IS', 'IE', 'IT', 'LV', 'LT', 'LU', 'MY', 'MT', 'MX', 'NL', 'NZ', 'NI', 'NO', 'PA', 'PY', 'PE', 'PH', 'PL', 'PT', 'SG', 'SK', 'ES', 'SE', 'CH', 'TW', 'TR', 'UY', 'US', 'GB', 'AD', 'LI', 'MC', 'ID', 'JP', 'TH', 'VN', 'RO', 'IL', 'ZA', 'SA', 'AE', 'BH', 'QA', 'OM', 'KW', 'EG', 'MA', 'DZ', 'TN', 'LB', 'JO', 'PS', 'IN', 'KZ', 'MD', 'UA', 'AL', 'BA', 'HR', 'ME', 'MK', 'RS', 'SI', 'KR', 'BD', 'PK', 'LK', 'GH', 'KE', 'NG', 'TZ', 'UG', 'AG', 'AM', 'BS', 'BB', 'BZ', 'BT', 'BW', 'BF', 'CV', 'CW', 'DM', 'FJ', 'GM', 'GE', 'GD', 'GW', 'GY', 'HT', 'JM', 'KI', 'LS', 'LR', 'MW', 'MV', 'ML', 'MH', 'FM', 'NA', 'NR', 'NE', 'PW', 'PG', 'PR', 'WS', 'SM', 'ST', 'SN', 'SC', 'SL', 'SB', 'KN', 'LC', 'VC', 'SR', 'TL', 'TO', 'TT', 'TV', 'VU', 'AZ', 'BN', 'BI', 'KH', 'CM', 'TD', 'KM', 'GQ', 'SZ', 'GA', 'GN', 'KG', 'LA', 'MO', 'MR', 'MN', 'NP', 'RW', 'TG', 'UZ', 'ZW', 'BJ', 'MG', 'MU', 'MZ', 'AO', 'CI', 'DJ', 'ZM', 'CD', 'CG', 'IQ', 'LY', 'TJ', 'VE', 'ET', 'XK']"
Unlonely,3Hn3LfhrQOaKihdCibJsTs,Human - Best Adult Pop Tunes,6zGNFXI4m0ujlFQa3Fuagr,compilation,Various Artists,0LyfQWJT6nXafLPZqxe9Of,"['AR', 'AU', 'BE', 'BO', 'BR', 'BG', 'CA', 'CL', 'CO', 'CR', 'CY', 'CZ', 'DO', 'EC', 'EE', 'SV', 'GR', 'GT', 'HN', 'HK', 'HU', 'IS', 'IE', 'IT', 'LV', 'LT', 'LU', 'MY', 'MT', 'MX', 'NL', 'NZ', 'NI', 'PA', 'PY', 'PE', 'PH', 'PL', 'PT', 'SG', 'SK', 'ES', 'TW', 'TR', 'UY', 'US', 'GB', 'AD', 'LI', 'MC', 'ID', 'JP', 'TH', 'VN', 'RO', 'IL', 'ZA', 'SA', 'AE', 'BH', 'QA', 'OM', 'KW', 'EG', 'MA', 'DZ', 'TN', 'LB', 'JO', 'PS', 'IN', 'KZ', 'MD', 'UA', 'AL', 'BA', 'HR', 'ME', 'MK', 'RS', 'SI', 'KR', 'BD', 'PK', 'LK', 'GH', 'KE', 'NG', 'TZ', 'UG', 'AG', 'AM', 'BS', 'BB', 'BZ', 'BT', 'BW', 'BF', 'CV', 'CW', 'DM', 'FJ', 'GM', 'GE', 'GD', 'GW', 'GY', 'HT', 'JM', 'KI', 'LS', 'LR', 'MW', 'MV', 'ML', 'MH', 'FM', 'NA', 'NR', 'NE', 'PW', 'PG', 'PR', 'WS', 'SM', 'ST', 'SN', 'SC', 'SL', 'SB', 'KN', 'LC', 'VC', 'SR', 'TL', 'TO', 'TT', 'TV', 'VU', 'AZ', 'BN', 'BI', 'KH', 'CM', 'TD', 'KM', 'GQ', 'SZ', 'GA', 'GN', 'KG', 'LA', 'MO', 'MR', 'MN', 'NP', 'RW', 'TG', 'UZ', 'ZW', 'BJ', 'MG', 'MU', 'MZ', 'AO', 'CI', 'DJ', 'ZM', 'CD', 'CG', 'IQ', 'LY', 'TJ', 'VE', 'ET', 'XK']"
Bella Luna,6D33wCKzWtNEgOovgeVJ7r,Mellow Adult Pop,2h66Q8ez8XvHFrRoWGjXyj,compilation,Various Artists,0LyfQWJT6nXafLPZqxe9Of,"['AR', 'BE', 'BO', 'BR', 'BG', 'CA', 'CL', 'CO', 'CR', 'CY', 'CZ', 'DO', 'EC', 'EE', 'SV', 'GR', 'GT', 'HN', 'HK', 'HU', 'IS', 'IE', 'IT', 'LV', 'LT', 'LU', 'MY', 'MT', 'MX', 'NL', 'NI', 'PA', 'PY', 'PE', 'PH', 'PL', 'PT', 'SG', 'SK', 'ES', 'TW', 'TR', 'UY', 'US', 'GB', 'AD', 'LI', 'MC', 'ID', 'JP', 'TH', 'VN', 'RO', 'IL', 'ZA', 'SA', 'AE', 'BH', 'QA', 'OM', 'KW', 'EG', 'MA', 'DZ', 'TN', 'LB', 'JO', 'PS', 'IN', 'KZ', 'MD', 'UA', 'AL', 'BA', 'HR', 'ME', 'MK', 'RS', 'SI', 'KR', 'BD', 'PK', 'LK', 'GH', 'KE', 'NG', 'TZ', 'UG', 'AG', 'AM', 'BS', 'BB', 'BZ', 'BT', 'BW', 'BF', 'CV', 'CW', 'DM', 'FJ', 'GM', 'GE', 'GD', 'GW', 'GY', 'HT', 'JM', 'KI', 'LS', 'LR', 'MW', 'MV', 'ML', 'MH', 'FM', 'NA', 'NR', 'NE', 'PW', 'PG', 'PR', 'WS', 'SM', 'ST', 'SN', 'SC', 'SL', 'SB', 'KN', 'LC', 'VC', 'SR', 'TL', 'TO', 'TT', 'TV', 'VU', 'AZ', 'BN', 'BI', 'KH', 'CM', 'TD', 'KM', 'GQ', 'SZ', 'GA', 'GN', 'KG', 'LA', 'MO', 'MR', 'MN', 'NP', 'RW', 'TG', 'UZ', 'ZW', 'BJ', 'MG', 'MU', 'MZ', 'AO', 'CI', 'DJ', 'ZM', 'CD', 'CG', 'IQ', 'LY', 'TJ', 'VE', 'ET', 'XK']"
Winter Wonderland,5IfCZDRXZrqZSm8AwE44PG,Holly Jolly Christmas,43EvDpZ1yfb4hKxS37HVsX,compilation,Various Artists,0LyfQWJT6nXafLPZqxe9Of,"['AR', 'AU', 'AT', 'BE', 'BO', 'BR', 'BG', 'CA', 'CL', 'CO', 'CR', 'CY', 'CZ', 'DK', 'DO', 'DE', 'EC', 'EE', 'SV', 'FI', 'FR', 'GR', 'GT', 'HN', 'HK', 'HU', 'IS', 'IE', 'IT', 'LV', 'LT', 'LU', 'MY', 'MT', 'MX', 'NL', 'NZ', 'NI', 'NO', 'PA', 'PY', 'PE', 'PH', 'PL', 'PT', 'SG', 'SK', 'ES', 'SE', 'CH', 'TW', 'TR', 'UY', 'US', 'GB', 'AD', 'LI', 'MC', 'ID', 'JP', 'TH', 'VN', 'RO', 'IL', 'ZA', 'SA', 'AE', 'BH', 'QA', 'OM', 'KW', 'EG', 'MA', 'DZ', 'TN', 'LB', 'JO', 'PS', 'IN', 'KZ', 'MD', 'UA', 'AL', 'BA', 'HR', 'ME', 'MK', 'RS', 'SI', 'KR', 'BD', 'PK', 'LK', 'GH', 'KE', 'NG', 'TZ', 'UG', 'AG', 'AM', 'BS', 'BB', 'BZ', 'BT', 'BW', 'BF', 'CV', 'CW', 'DM', 'FJ', 'GM', 'GE', 'GD', 'GW', 'GY', 'HT', 'JM', 'KI', 'LS', 'LR', 'MW', 'MV', 'ML', 'MH', 'FM', 'NA', 'NR', 'NE', 'PW', 'PG', 'PR', 'WS', 'SM', 'ST', 'SN', 'SC', 'SL', 'SB', 'KN', 'LC', 'VC', 'SR', 'TL', 'TO', 'TT', 'TV', 'VU', 'AZ', 'BN', 'BI', 'KH', 'CM', 'TD', 'KM', 'GQ', 'SZ', 'GA', 'GN', 'KG', 'LA', 'MO', 'MR', 'MN', 'NP', 'RW', 'TG', 'UZ', 'ZW', 'BJ', 'MG', 'MU', 'MZ', 'AO', 'CI', 'DJ', 'ZM', 'CD', 'CG', 'IQ', 'LY', 'TJ', 'VE', 'ET', 'XK']"
If It Kills Me,0dzKBptH2P5j5a0MifBMwM,Feeling Good - Adult Pop Favorites,10NkpNEVXABoma9akEZ73d,compilation,Various Artists,0LyfQWJT6nXafLPZqxe9Of,[]
Winter Wonderland,5QAMZTM5cmLg3fHX9ZbTZi,Christmas Time,4N4LLC1eZkWBEdCEUtAP8P,compilation,Various Artists,0LyfQWJT6nXafLPZqxe9Of,"['AR', 'AU', 'AT', 'BE', 'BO', 'BR', 'BG', 'CA', 'CL', 'CO', 'CR', 'CY', 'CZ', 'DK', 'DO', 'DE', 'EC', 'EE', 'SV', 'FI', 'FR', 'GR', 'GT', 'HN', 'HK', 'HU', 'IS', 'IE', 'IT', 'LV', 'LT', 'LU', 'MY', 'MT', 'MX', 'NL', 'NZ', 'NI', 'NO', 'PA', 'PY', 'PE', 'PH', 'PL', 'PT', 'SG', 'SK', 'ES', 'SE', 'CH', 'TW', 'TR', 'UY', 'US', 'GB', 'AD', 'LI', 'MC', 'ID', 'JP', 'TH', 'VN', 'RO', 'IL', 'ZA', 'SA', 'AE', 'BH', 'QA', 'OM', 'KW', 'EG', 'MA', 'DZ', 'TN', 'LB', 'JO', 'PS', 'IN', 'KZ', 'MD', 'UA', 'AL', 'BA', 'HR', 'ME', 'MK', 'RS', 'SI', 'KR', 'BD', 'PK', 'LK', 'GH', 'KE', 'NG', 'TZ', 'UG', 'AG', 'AM', 'BS', 'BB', 'BZ', 'BT', 'BW', 'BF', 'CV', 'CW', 'DM', 'FJ', 'GM', 'GE', 'GD', 'GW', 'GY', 'HT', 'JM', 'KI', 'LS', 'LR', 'MW', 'MV', 'ML', 'MH', 'FM', 'NA', 'NR', 'NE', 'PW', 'PG', 'PR', 'WS', 'SM', 'ST', 'SN', 'SC', 'SL', 'SB', 'KN', 'LC', 'VC', 'SR', 'TL', 'TO', 'TT', 'TV', 'VU', 'AZ', 'BN', 'BI', 'KH', 'CM', 'TD', 'KM', 'GQ', 'SZ', 'GA', 'GN', 'KG', 'LA', 'MO', 'MR', 'MN', 'NP', 'RW', 'TG', 'UZ', 'ZW', 'BJ', 'MG', 'MU', 'MZ', 'AO', 'CI', 'DJ', 'ZM', 'CD', 'CG', 'IQ', 'LY', 'TJ', 'VE', 'ET', 'XK']"
Winter Wonderland,2qESE1ZeWly7I3YjyTXmXh,Perfect Christmas Hits,6SVCpz3HrA6O2Nw2i4Vc9l,compilation,Various Artists,0LyfQWJT6nXafLPZqxe9Of,"['AR', 'AU', 'AT', 'BE', 'BO', 'BR', 'BG', 'CA', 'CL', 'CO', 'CR', 'CY', 'CZ', 'DK', 'DO', 'DE', 'EC', 'EE', 'SV', 'FI', 'FR', 'GR', 'GT', 'HN', 'HK', 'HU', 'IS', 'IE', 'IT', 'LV', 'LT', 'LU', 'MY', 'MT', 'MX', 'NL', 'NZ', 'NI', 'NO', 'PA', 'PY', 'PE', 'PH', 'PL', 'PT', 'SG', 'SK', 'ES', 'SE', 'CH', 'TW', 'TR', 'UY', 'US', 'GB', 'AD', 'LI', 'MC', 'ID', 'JP', 'TH', 'VN', 'RO', 'IL', 'ZA', 'SA', 'AE', 'BH', 'QA', 'OM', 'KW', 'EG', 'MA', 'DZ', 'TN', 'LB', 'JO', 'PS', 'IN', 'KZ', 'MD', 'UA', 'AL', 'BA', 'HR', 'ME', 'MK', 'RS', 'SI', 'KR', 'BD', 'PK', 'LK', 'GH', 'KE', 'NG', 'TZ', 'UG', 'AG', 'AM', 'BS', 'BB', 'BZ', 'BT', 'BW', 'BF', 'CV', 'CW', 'DM', 'FJ', 'GM', 'GE', 'GD', 'GW', 'GY', 'HT', 'JM', 'KI', 'LS', 'LR', 'MW', 'MV', 'ML', 'MH', 'FM', 'NA', 'NR', 'NE', 'PW', 'PG', 'PR', 'WS', 'SM', 'ST', 'SN', 'SC', 'SL', 'SB', 'KN', 'LC', 'VC', 'SR', 'TL', 'TO', 'TT', 'TV', 'VU', 'AZ', 'BN', 'BI', 'KH', 'CM', 'TD', 'KM', 'GQ', 'SZ', 'GA', 'GN', 'KG', 'LA', 'MO', 'MR', 'MN', 'NP', 'RW', 'TG', 'UZ', 'ZW', 'BJ', 'MG', 'MU', 'MZ', 'AO', 'CI', 'DJ', 'ZM', 'CD', 'CG', 'IQ', 'LY', 'TJ', 'VE', 'ET', 'XK']"
Winter Wonderland,3EQV1ZHtHvq9OnVRYIdbg3,Merry Christmas,6Zx95F2iCbj61cMOITE0ck,compilation,Various Artists,0LyfQWJT6nXafLPZqxe9Of,[]
Winter Wonderland,3ax0rfGb7exLtl02LL08U9,Christmas Music - Holiday Hits,1m46i5aqfvPu0V8pouQ8PU,compilation,Various Artists,0LyfQWJT6nXafLPZqxe9Of,"['AR', 'AU', 'AT', 'BE', 'BO', 'BR', 'BG', 'CA', 'CL', 'CO', 'CR', 'CY', 'CZ', 'DK', 'DO', 'DE', 'EC', 'EE', 'SV', 'FI', 'FR', 'GR', 'GT', 'HN', 'HK', 'HU', 'IS', 'IE', 'IT', 'LV', 'LT', 'LU', 'MY', 'MT', 'MX', 'NL', 'NZ', 'NI', 'NO', 'PA', 'PY', 'PE', 'PH', 'PL', 'PT', 'SG', 'SK', 'ES', 'SE', 'CH', 'TW', 'TR', 'UY', 'US', 'GB', 'AD', 'LI', 'MC', 'ID', 'JP', 'TH', 'VN', 'RO', 'IL', 'ZA', 'SA', 'AE', 'BH', 'QA', 'OM', 'KW', 'EG', 'MA', 'DZ', 'TN', 'LB', 'JO', 'PS', 'IN', 'KZ', 'MD', 'UA', 'AL', 'BA', 'HR', 'ME', 'MK', 'RS', 'SI', 'KR', 'BD', 'PK', 'LK', 'GH', 'KE', 'NG', 'TZ', 'UG', 'AG', 'AM', 'BS', 'BB', 'BZ', 'BT', 'BW', 'BF', 'CV', 'CW', 'DM', 'FJ', 'GM', 'GE', 'GD', 'GW', 'GY', 'HT', 'JM', 'KI', 'LS', 'LR', 'MW', 'MV', 'ML', 'MH', 'FM', 'NA', 'NR', 'NE', 'PW', 'PG', 'PR', 'WS', 'SM', 'ST', 'SN', 'SC', 'SL', 'SB', 'KN', 'LC', 'VC', 'SR', 'TL', 'TO', 'TT', 'TV', 'VU', 'AZ', 'BN', 'BI', 'KH', 'CM', 'TD', 'KM', 'GQ', 'SZ', 'GA', 'GN', 'KG', 'LA', 'MO', 'MR', 'MN', 'NP', 'RW', 'TG', 'UZ', 'ZW', 'BJ', 'MG', 'MU', 'MZ', 'AO', 'CI', 'DJ', 'ZM', 'CD', 'CG', 'IQ', 'LY', 'TJ', 'VE', 'ET', 'XK']"
All I Want For Christmas Is A Real Good Tan,1m5LC29RE52Bxy7hxvpOlL,Christmas Country Songs 2022,4wMNHYWY8viHbn3FPUU0RE,compilation,Various Artists,0LyfQWJT6nXafLPZqxe9Of,[]
Party of One (feat. Sam Smith),3H36x7buZdQD4687VmFrwY,Human - Best Adult Pop Tunes,6zGNFXI4m0ujlFQa3Fuagr,compilation,Various Artists,0LyfQWJT6nXafLPZqxe9Of,"['AR', 'AU', 'BE', 'BO', 'BR', 'BG', 'CA', 'CL', 'CO', 'CR', 'CY', 'CZ', 'DO', 'EC', 'EE', 'SV', 'GR', 'GT', 'HN', 'HK', 'HU', 'IS', 'IE', 'IT', 'LV', 'LT', 'LU', 'MY', 'MT', 'MX', 'NL', 'NZ', 'NI', 'PA', 'PY', 'PE', 'PH', 'PL', 'PT', 'SG', 'SK', 'ES', 'TW', 'TR', 'UY', 'US', 'GB', 'AD', 'LI', 'MC', 'ID', 'JP', 'TH', 'VN', 'RO', 'IL', 'ZA', 'SA', 'AE', 'BH', 'QA', 'OM', 'KW', 'EG', 'MA', 'DZ', 'TN', 'LB', 'JO', 'PS', 'IN', 'KZ', 'MD', 'UA', 'AL', 'BA', 'HR', 'ME', 'MK', 'RS', 'SI', 'KR', 'BD', 'PK', 'LK', 'GH', 'KE', 'NG', 'TZ', 'UG', 'AG', 'AM', 'BS', 'BB', 'BZ', 'BT', 'BW', 'BF', 'CV', 'CW', 'DM', 'FJ', 'GM', 'GE', 'GD', 'GW', 'GY', 'HT', 'JM', 'KI', 'LS', 'LR', 'MW', 'MV', 'ML', 'MH', 'FM', 'NA', 'NR', 'NE', 'PW', 'PG', 'PR', 'WS', 'SM', 'ST', 'SN', 'SC', 'SL', 'SB', 'KN', 'LC', 'VC', 'SR', 'TL', 'TO', 'TT', 'TV', 'VU', 'AZ', 'BN', 'BI', 'KH', 'CM', 'TD', 'KM', 'GQ', 'SZ', 'GA', 'GN', 'KG', 'LA', 'MO', 'MR', 'MN', 'NP', 'RW', 'TG', 'UZ', 'ZW', 'BJ', 'MG', 'MU', 'MZ', 'AO', 'CI', 'DJ', 'ZM', 'CD', 'CG', 'IQ', 'LY', 'TJ', 'VE', 'ET', 'XK']"
Party of One (feat. Sam Smith),0xbMRcMFqxJq1Wa7tvWPtn,Feeling Good - Adult Pop Favorites,10NkpNEVXABoma9akEZ73d,compilation,Various Artists,0LyfQWJT6nXafLPZqxe9Of,[]
Party of One,6h061f44HZPj1OXO2nA45d,Mellow Bars R'n'B,4qXaXH4yLTIVkC2EShAfff,compilation,Various Artists,0LyfQWJT6nXafLPZqxe9Of,[]
Lonely This Christmas,62EwQLDw0dprDzuLwQ0sH1,Chill Christmas Dinner,2cDatpgrOUhT1doS7vu9pD,compilation,Various Artists,0LyfQWJT6nXafLPZqxe9Of,[]
Throwing Good After Bad,3lvo0I8c2qBJDLZWqExDgC,rainy day indie,7IC7EIlb0HL52G0lgr6y00,compilation,Various Artists,0LyfQWJT6nXafLPZqxe9Of,"['AR', 'AT', 'BO', 'BR', 'BG', 'CL', 'CO', 'CR', 'CY', 'CZ', 'DK', 'DO', 'DE', 'EC', 'EE', 'SV', 'FI', 'GR', 'GT', 'HN', 'HK', 'HU', 'IS', 'IE', 'IT', 'LV', 'LT', 'MY', 'MT', 'MX', 'NL', 'NI', 'NO', 'PA', 'PY', 'PE', 'PH', 'PL', 'PT', 'SG', 'SK', 'ES', 'SE', 'TW', 'TR', 'UY', 'US', 'GB', 'AD', 'LI', 'MC', 'ID', 'JP', 'TH', 'VN', 'RO', 'IL', 'ZA', 'SA', 'AE', 'BH', 'QA', 'OM', 'KW', 'EG', 'MA', 'DZ', 'TN', 'LB', 'JO', 'PS', 'IN', 'KZ', 'MD', 'UA', 'AL', 'BA', 'HR', 'ME', 'MK', 'RS', 'SI', 'KR', 'BD', 'PK', 'LK', 'GH', 'KE', 'NG', 'TZ', 'UG', 'AG', 'AM', 'BS', 'BB', 'BZ', 'BT', 'BW', 'BF', 'CV', 'CW', 'DM', 'FJ', 'GM', 'GE', 'GD', 'GW', 'GY', 'HT', 'JM', 'KI', 'LS', 'LR', 'MW', 'MV', 'ML', 'MH', 'FM', 'NA', 'NR', 'NE', 'PW', 'PG', 'PR', 'WS', 'SM', 'ST', 'SN', 'SC', 'SL', 'SB', 'KN', 'LC', 'VC', 'SR', 'TL', 'TO', 'TT', 'TV', 'VU', 'AZ', 'BN', 'BI', 'KH', 'CM', 'TD', 'KM', 'GQ', 'SZ', 'GA', 'GN', 'KG', 'LA', 'MO', 'MR', 'MN', 'NP', 'RW', 'TG', 'UZ', 'ZW', 'BJ', 'MG', 'MU', 'MZ', 'AO', 'CI', 'DJ', 'ZM', 'CD', 'CG', 'IQ', 'LY', 'TJ', 'VE', 'ET', 'XK']"
This Time Tomorrow,1ae8XfBQ3fDEvmBjFaemGV,Coffee Moment,04KowFQhH1EvlLQZHh74q5,compilation,Various Artists,0LyfQWJT6nXafLPZqxe9Of,"['AR', 'AU', 'AT', 'BE', 'BO', 'BR', 'BG', 'CA', 'CL', 'CO', 'CR', 'CY', 'CZ', 'DK', 'DO', 'DE', 'EC', 'EE', 'SV', 'FI', 'FR', 'GR', 'GT', 'HN', 'HK', 'HU', 'IS', 'IE', 'IT', 'LV', 'LT', 'LU', 'MY', 'MT', 'MX', 'NL', 'NZ', 'NI', 'NO', 'PA', 'PY', 'PE', 'PH', 'PL', 'PT', 'SG', 'SK', 'ES', 'SE', 'CH', 'TW', 'TR', 'UY', 'US', 'GB', 'AD', 'LI', 'MC', 'ID', 'JP', 'TH', 'VN', 'RO', 'IL', 'ZA', 'SA', 'AE', 'BH', 'QA', 'OM', 'KW', 'EG', 'MA', 'DZ', 'TN', 'LB', 'JO', 'PS', 'IN', 'KZ', 'MD', 'UA', 'AL', 'BA', 'HR', 'ME', 'MK', 'RS', 'SI', 'KR', 'BD', 'PK', 'LK', 'GH', 'KE', 'NG', 'TZ', 'UG', 'AG', 'AM', 'BS', 'BB', 'BZ', 'BT', 'BW', 'BF', 'CV', 'CW', 'DM', 'FJ', 'GM', 'GE', 'GD', 'GW', 'GY', 'HT', 'JM', 'KI', 'LS', 'LR', 'MW', 'MV', 'ML', 'MH', 'FM', 'NA', 'NR', 'NE', 'PW', 'PG', 'PR', 'WS', 'SM', 'ST', 'SN', 'SC', 'SL', 'SB', 'KN', 'LC', 'VC', 'SR', 'TL', 'TO', 'TT', 'TV', 'VU', 'AZ', 'BN', 'BI', 'KH', 'CM', 'TD', 'KM', 'GQ', 'SZ', 'GA', 'GN', 'KG', 'LA', 'MO', 'MR', 'MN', 'NP', 'RW', 'TG', 'UZ', 'ZW', 'BJ', 'MG', 'MU', 'MZ', 'AO', 'CI', 'DJ', 'ZM', 'CD', 'CG', 'IQ', 'LY', 'TJ', 'VE', 'ET', 'XK']"
Lonely This Christmas,0adVktNVJXPZfhQe6B1NO5,sadsadchristmas,6oi0t64hKjBZDmo9Veq6EE,compilation,Various Artists,0LyfQWJT6nXafLPZqxe9Of,[]
The Haves,6sp6Vx3sv2l5qxPfbQkcyt,Mega Hits Autumn/Fall 2022,2JY0g932J9tu2f9KX7GFnv,compilation,Various Artists,0LyfQWJT6nXafLPZqxe9Of,[]
When You're Wrong,1WFVfVjCtbmdIv7j3Fa9iy,Mellow Adult Pop,2h66Q8ez8XvHFrRoWGjXyj,compilation,Various Artists,0LyfQWJT6nXafLPZqxe9Of,"['AR', 'BE', 'BO', 'BR', 'BG', 'CA', 'CL', 'CO', 'CR', 'CY', 'CZ', 'DO', 'EC', 'EE', 'SV', 'GR', 'GT', 'HN', 'HK', 'HU', 'IS', 'IE', 'IT', 'LV', 'LT', 'LU', 'MY', 'MT', 'MX', 'NL', 'NI', 'PA', 'PY', 'PE', 'PH', 'PL', 'PT', 'SG', 'SK', 'ES', 'TW', 'TR', 'UY', 'US', 'GB', 'AD', 'LI', 'MC', 'ID', 'JP', 'TH', 'VN', 'RO', 'IL', 'ZA', 'SA', 'AE', 'BH', 'QA', 'OM', 'KW', 'EG', 'MA', 'DZ', 'TN', 'LB', 'JO', 'PS', 'IN', 'KZ', 'MD', 'UA', 'AL', 'BA', 'HR', 'ME', 'MK', 'RS', 'SI', 'KR', 'BD', 'PK', 'LK', 'GH', 'KE', 'NG', 'TZ', 'UG', 'AG', 'AM', 'BS', 'BB', 'BZ', 'BT', 'BW', 'BF', 'CV', 'CW', 'DM', 'FJ', 'GM', 'GE', 'GD', 'GW', 'GY', 'HT', 'JM', 'KI', 'LS', 'LR', 'MW', 'MV', 'ML', 'MH', 'FM', 'NA', 'NR', 'NE', 'PW', 'PG', 'PR', 'WS', 'SM', 'ST', 'SN', 'SC', 'SL', 'SB', 'KN', 'LC', 'VC', 'SR', 'TL', 'TO', 'TT', 'TV', 'VU', 'AZ', 'BN', 'BI', 'KH', 'CM', 'TD', 'KM', 'GQ', 'SZ', 'GA', 'GN', 'KG', 'LA', 'MO', 'MR', 'MN', 'NP', 'RW', 'TG', 'UZ', 'ZW', 'BJ', 'MG', 'MU', 'MZ', 'AO', 'CI', 'DJ', 'ZM', 'CD', 'CG', 'IQ', 'LY', 'TJ', 'VE', 'ET', 'XK']"
You and Me on the Rock,0e5PAxSyZ5DWWVqKANHETz,Country Car Hits,1vO3aMnkXO1C4MqHuMwDOk,compilation,Various Artists,0LyfQWJT6nXafLPZqxe9Of,"['AR', 'AU', 'AT', 'BE', 'BO', 'BR', 'BG', 'CA', 'CL', 'CO', 'CR', 'CY', 'CZ', 'DK', 'DO', 'DE', 'EC', 'EE', 'SV', 'FI', 'FR', 'GR', 'GT', 'HN', 'HK', 'HU', 'IS', 'IE', 'IT', 'LV', 'LT', 'LU', 'MY', 'MT', 'MX', 'NL', 'NZ', 'NI', 'NO', 'PA', 'PY', 'PE', 'PH', 'PL', 'PT', 'SG', 'SK', 'ES', 'SE', 'CH', 'TW', 'TR', 'UY', 'US', 'GB', 'AD', 'LI', 'MC', 'ID', 'JP', 'TH', 'VN', 'RO', 'IL', 'ZA', 'SA', 'AE', 'BH', 'QA', 'OM', 'KW', 'EG', 'MA', 'DZ', 'TN', 'LB', 'JO', 'PS', 'IN', 'KZ', 'MD', 'UA', 'AL', 'BA', 'HR', 'ME', 'MK', 'RS', 'SI', 'KR', 'BD', 'PK', 'LK', 'GH', 'KE', 'NG', 'TZ', 'UG', 'AG', 'AM', 'BS', 'BB', 'BZ', 'BT', 'BW', 'BF', 'CV', 'CW', 'DM', 'FJ', 'GM', 'GE', 'GD', 'GW', 'GY', 'HT', 'JM', 'KI', 'LS', 'LR', 'MW', 'MV', 'ML', 'MH', 'FM', 'NA', 'NR', 'NE', 'PW', 'PG', 'PR', 'WS', 'SM', 'ST', 'SN', 'SC', 'SL', 'SB', 'KN', 'LC', 'VC', 'SR', 'TL', 'TO', 'TT', 'TV', 'VU', 'AZ', 'BN', 'BI', 'KH', 'CM', 'TD', 'KM', 'GQ', 'SZ', 'GA', 'GN', 'KG', 'LA', 'MO', 'MR', 'MN', 'NP', 'RW', 'TG', 'UZ', 'ZW', 'BJ', 'MG', 'MU', 'MZ', 'AO', 'CI', 'DJ', 'ZM', 'CD', 'CG', 'IQ', 'LY', 'TJ', 'VE', 'ET', 'XK']"
You and Me on the Rock,1MLr9b1fOybO3MGiLy47Ys,Country Road Songs,6cRtxTN0J6LqLN7rB6UMIW,compilation,Various Artists,0LyfQWJT6nXafLPZqxe9Of,"['AR', 'AU', 'AT', 'BE', 'BO', 'BR', 'BG', 'CA', 'CL', 'CO', 'CR', 'CY', 'CZ', 'DK', 'DO', 'DE', 'EC', 'EE', 'SV', 'FI', 'FR', 'GR', 'GT', 'HN', 'HK', 'HU', 'IS', 'IE', 'IT', 'LV', 'LT', 'LU', 'MY', 'MT', 'MX', 'NL', 'NZ', 'NI', 'NO', 'PA', 'PY', 'PE', 'PH', 'PL', 'PT', 'SG', 'SK', 'ES', 'SE', 'CH', 'TW', 'TR', 'UY', 'US', 'GB', 'AD', 'LI', 'MC', 'ID', 'JP', 'TH', 'VN', 'RO', 'IL', 'ZA', 'SA', 'AE', 'BH', 'QA', 'OM', 'KW', 'EG', 'MA', 'DZ', 'TN', 'LB', 'JO', 'PS', 'IN', 'KZ', 'MD', 'UA', 'AL', 'BA', 'HR', 'ME', 'MK', 'RS', 'SI', 'KR', 'BD', 'PK', 'LK', 'GH', 'KE', 'NG', 'TZ', 'UG', 'AG', 'AM', 'BS', 'BB', 'BZ', 'BT', 'BW', 'BF', 'CV', 'CW', 'DM', 'FJ', 'GM', 'GE', 'GD', 'GW', 'GY', 'HT', 'JM', 'KI', 'LS', 'LR', 'MW', 'MV', 'ML', 'MH', 'FM', 'NA', 'NR', 'NE', 'PW', 'PG', 'PR', 'WS', 'SM', 'ST', 'SN', 'SC', 'SL', 'SB', 'KN', 'LC', 'VC', 'SR', 'TL', 'TO', 'TT', 'TV', 'VU', 'AZ', 'BN', 'BI', 'KH', 'CM', 'TD', 'KM', 'GQ', 'SZ', 'GA', 'GN', 'KG', 'LA', 'MO', 'MR', 'MN', 'NP', 'RW', 'TG', 'UZ', 'ZW', 'BJ', 'MG', 'MU', 'MZ', 'AO', 'CI', 'DJ', 'ZM', 'CD', 'CG', 'IQ', 'LY', 'TJ', 'VE', 'ET', 'XK']"
"Speak Your Mind (From the Netflix Series ""We The People"")",6JGjevTaqr9J1xp7YvYUKF,Finest Country,2g8jWMTRGrcGC8IWrnq2dg,compilation,Various Artists,0LyfQWJT6nXafLPZqxe9Of,"['AR', 'AU', 'AT', 'BE', 'BO', 'BR', 'BG', 'CA', 'CL', 'CO', 'CR', 'CY', 'CZ', 'DK', 'DO', 'DE', 'EC', 'EE', 'SV', 'FI', 'FR', 'GR', 'GT', 'HN', 'HK', 'HU', 'IS', 'IE', 'IT', 'LV', 'LT', 'LU', 'MY', 'MT', 'MX', 'NL', 'NZ', 'NI', 'NO', 'PA', 'PY', 'PE', 'PH', 'PL', 'PT', 'SG', 'SK', 'ES', 'SE', 'CH', 'TW', 'TR', 'UY', 'US', 'GB', 'AD', 'LI', 'MC', 'ID', 'JP', 'TH', 'VN', 'RO', 'IL', 'ZA', 'SA', 'AE', 'BH', 'QA', 'OM', 'KW', 'EG', 'MA', 'DZ', 'TN', 'LB', 'JO', 'PS', 'IN', 'KZ', 'MD', 'UA', 'AL', 'BA', 'HR', 'ME', 'MK', 'RS', 'SI', 'KR', 'BD', 'PK', 'LK', 'GH', 'KE', 'NG', 'TZ', 'UG', 'AG', 'AM', 'BS', 'BB', 'BZ', 'BT', 'BW', 'BF', 'CV', 'CW', 'DM', 'FJ', 'GM', 'GE', 'GD', 'GW', 'GY', 'HT', 'JM', 'KI', 'LS', 'LR', 'MW', 'MV', 'ML', 'MH', 'FM', 'NA', 'NR', 'NE', 'PW', 'PG', 'PR', 'WS', 'SM', 'ST', 'SN', 'SC', 'SL', 'SB', 'KN', 'LC', 'VC', 'SR', 'TL', 'TO', 'TT', 'TV', 'VU', 'AZ', 'BN', 'BI', 'KH', 'CM', 'TD', 'KM', 'GQ', 'SZ', 'GA', 'GN', 'KG', 'LA', 'MO', 'MR', 'MN', 'NP', 'RW', 'TG', 'UZ', 'ZW', 'BJ', 'MG', 'MU', 'MZ', 'AO', 'CI', 'DJ', 'ZM', 'CD', 'CG', 'IQ', 'LY', 'TJ', 'VE', 'ET', 'XK']"
You and Me on the Rock,7Af2YlwMZryKOQiRfwMsD2,Easy Country,6aWEue5OYJm1XVxrSttu4k,compilation,Various Artists,0LyfQWJT6nXafLPZqxe9Of,[]
You and Me on the Rock,3RE5nHIVkC4KcA7snFaTKd,Cozy Country,7o2TtLAQ3LXmT2LSXLTGSi,compilation,Various Artists,0LyfQWJT6nXafLPZqxe9Of,[]
You and Me on the Rock,0JvkNRyq8Tmot9khpdtN0I,Good Times Country,5p7GxuDHOqxItK4p5hCMKy,compilation,Various Artists,0LyfQWJT6nXafLPZqxe9Of,"['AR', 'AU', 'AT', 'BE', 'BO', 'BR', 'BG', 'CA', 'CL', 'CO', 'CR', 'CY', 'CZ', 'DK', 'DO', 'DE', 'EC', 'EE', 'SV', 'FI', 'FR', 'GR', 'GT', 'HN', 'HK', 'HU', 'IS', 'IE', 'IT', 'LV', 'LT', 'LU', 'MY', 'MT', 'MX', 'NL', 'NZ', 'NI', 'NO', 'PA', 'PY', 'PE', 'PH', 'PL', 'PT', 'SG', 'SK', 'ES', 'SE', 'CH', 'TW', 'TR', 'UY', 'US', 'GB', 'AD', 'LI', 'MC', 'ID', 'JP', 'TH', 'VN', 'RO', 'IL', 'ZA', 'SA', 'AE', 'BH', 'QA', 'OM', 'KW', 'EG', 'MA', 'DZ', 'TN', 'LB', 'JO', 'PS', 'IN', 'KZ', 'MD', 'UA', 'AL', 'BA', 'HR', 'ME', 'MK', 'RS', 'SI', 'KR', 'BD', 'PK', 'LK', 'GH', 'KE', 'NG', 'TZ', 'UG', 'AG', 'AM', 'BS', 'BB', 'BZ', 'BT', 'BW', 'BF', 'CV', 'CW', 'DM', 'FJ', 'GM', 'GE', 'GD', 'GW', 'GY', 'HT', 'JM', 'KI', 'LS', 'LR', 'MW', 'MV', 'ML', 'MH', 'FM', 'NA', 'NR', 'NE', 'PW', 'PG', 'PR', 'WS', 'SM', 'ST', 'SN', 'SC', 'SL', 'SB', 'KN', 'LC', 'VC', 'SR', 'TL', 'TO', 'TT', 'TV', 'VU', 'AZ', 'BN', 'BI', 'KH', 'CM', 'TD', 'KM', 'GQ', 'SZ', 'GA', 'GN', 'KG', 'LA', 'MO', 'MR', 'MN', 'NP', 'RW', 'TG', 'UZ', 'ZW', 'BJ', 'MG', 'MU', 'MZ', 'AO', 'CI', 'DJ', 'ZM', 'CD', 'CG', 'IQ', 'LY', 'TJ', 'VE', 'ET', 'XK']"
You and Me on the Rock,27gHtbsHClwimHFtKgFop4,Laidback Country,6HUfFgJtKTXSd9b9B4u1Pc,compilation,Various Artists,0LyfQWJT6nXafLPZqxe9Of,[]
You and Me on the Rock (feat. Lucius),1QBNBGeIRRGBnLhdlHbfI8,Chillin' It - Mellow Day Country,3lB7bZP0636sFRFP5FjAVJ,compilation,Various Artists,0LyfQWJT6nXafLPZqxe9Of,"['AR', 'AU', 'AT', 'BE', 'BO', 'BR', 'BG', 'CA', 'CL', 'CO', 'CR', 'CY', 'CZ', 'DK', 'DO', 'DE', 'EC', 'EE', 'SV', 'FI', 'FR', 'GR', 'GT', 'HN', 'HK', 'HU', 'IS', 'IE', 'IT', 'LV', 'LT', 'LU', 'MY', 'MT', 'MX', 'NL', 'NZ', 'NI', 'NO', 'PA', 'PY', 'PE', 'PH', 'PL', 'PT', 'SG', 'SK', 'ES', 'SE', 'CH', 'TW', 'TR', 'UY', 'US', 'GB', 'AD', 'LI', 'MC', 'ID', 'JP', 'TH', 'VN', 'RO', 'IL', 'ZA', 'SA', 'AE', 'BH', 'QA', 'OM', 'KW', 'EG', 'MA', 'DZ', 'TN', 'LB', 'JO', 'PS', 'IN', 'KZ', 'MD', 'UA', 'AL', 'BA', 'HR', 'ME', 'MK', 'RS', 'SI', 'KR', 'BD', 'PK', 'LK', 'GH', 'KE', 'NG', 'TZ', 'UG', 'AG', 'AM', 'BS', 'BB', 'BZ', 'BT', 'BW', 'BF', 'CV', 'CW', 'DM', 'FJ', 'GM', 'GE', 'GD', 'GW', 'GY', 'HT', 'JM', 'KI', 'LS', 'LR', 'MW', 'MV', 'ML', 'MH', 'FM', 'NA', 'NR', 'NE', 'PW', 'PG', 'PR', 'WS', 'SM', 'ST', 'SN', 'SC', 'SL', 'SB', 'KN', 'LC', 'VC', 'SR', 'TL', 'TO', 'TT', 'TV', 'VU', 'AZ', 'BN', 'BI', 'KH', 'CM', 'TD', 'KM', 'GQ', 'SZ', 'GA', 'GN', 'KG', 'LA', 'MO', 'MR', 'MN', 'NP', 'RW', 'TG', 'UZ', 'ZW', 'BJ', 'MG', 'MU', 'MZ', 'AO', 'CI', 'DJ', 'ZM', 'CD', 'CG', 'IQ', 'LY', 'TJ', 'VE', 'ET', 'XK']"
Trampoline - Acoustic,72xTsTouZ5nBmASX8k1XCW,Trampoline (Acoustic),0EV5YXg5n2WlGUjOc2oAvT,single,Highland Peak,1J8P3Xd19imC48x8qnxxFV,"['AR', 'AU', 'AT', 'BE', 'BO', 'BR', 'BG', 'CA', 'CL', 'CO', 'CR', 'CY', 'CZ', 'DK', 'DO', 'DE', 'EC', 'EE', 'SV', 'FI', 'FR', 'GR', 'GT', 'HN', 'HK', 'HU', 'IS', 'IE', 'IT', 'LV', 'LT', 'LU', 'MY', 'MT', 'MX', 'NL', 'NZ', 'NI', 'NO', 'PA', 'PY', 'PE', 'PH', 'PL', 'PT', 'SG', 'SK', 'ES', 'SE', 'CH', 'TW', 'TR', 'UY', 'US', 'GB', 'AD', 'LI', 'MC', 'ID', 'JP', 'TH', 'VN', 'RO', 'IL', 'ZA', 'SA', 'AE', 'BH', 'QA', 'OM', 'KW', 'EG', 'MA', 'DZ', 'TN', 'LB', 'JO', 'PS', 'IN', 'BY', 'KZ', 'MD', 'UA', 'AL', 'BA', 'HR', 'ME', 'MK', 'RS', 'SI', 'KR', 'BD', 'PK', 'LK', 'GH', 'KE', 'NG', 'TZ', 'UG', 'AG', 'AM', 'BS', 'BB', 'BZ', 'BT', 'BW', 'BF', 'CV', 'CW', 'DM', 'FJ', 'GM', 'GE', 'GD', 'GW', 'GY', 'HT', 'JM', 'KI', 'LS', 'LR', 'MW', 'MV', 'ML', 'MH', 'FM', 'NA', 'NR', 'NE', 'PW', 'PG', 'PR', 'WS', 'SM', 'ST', 'SN', 'SC', 'SL', 'SB', 'KN', 'LC', 'VC', 'SR', 'TL', 'TO', 'TT', 'TV', 'VU', 'AZ', 'BN', 'BI', 'KH', 'CM', 'TD', 'KM', 'GQ', 'SZ', 'GA', 'GN', 'KG', 'LA', 'MO', 'MR', 'MN', 'NP', 'RW', 'TG', 'UZ', 'ZW', 'BJ', 'MG', 'MU', 'MZ', 'AO', 'CI', 'DJ', 'ZM', 'CD', 'CG', 'IQ', 'LY', 'TJ', 'VE', 'ET', 'XK']"
透明だった世界,3ILmwMefYZoQh5Cf5jeuUQ,Documentary,6RJ8dTBDiLHZb2tSb76Pdt,album,Motohiro Hata,706WzkJEacBrtkHKRpBU2q,"['AR', 'AU', 'AT', 'BE', 'BO', 'BR', 'BG', 'CA', 'CL', 'CO', 'CR', 'CY', 'CZ', 'DK', 'DO', 'DE', 'EC', 'EE', 'SV', 'FI', 'FR', 'GR', 'GT', 'HN', 'HK', 'HU', 'IS', 'IE', 'IT', 'LV', 'LT', 'LU', 'MY', 'MT', 'MX', 'NL', 'NZ', 'NI', 'NO', 'PA', 'PY', 'PE', 'PH', 'PL', 'PT', 'SG', 'SK', 'ES', 'SE', 'CH', 'TW', 'TR', 'UY', 'US', 'GB', 'AD', 'LI', 'MC', 'ID', 'JP', 'TH', 'VN', 'RO', 'IL', 'ZA', 'SA', 'AE', 'BH', 'QA', 'OM', 'KW', 'EG', 'MA', 'DZ', 'TN', 'LB', 'JO', 'PS', 'IN', 'BY', 'KZ', 'MD', 'UA', 'AL', 'BA', 'HR', 'ME', 'MK', 'RS', 'SI', 'KR', 'BD', 'PK', 'LK', 'GH', 'KE', 'NG', 'TZ', 'UG', 'AG', 'AM', 'BS', 'BB', 'BZ', 'BT', 'BW', 'BF', 'CV', 'CW', 'DM', 'FJ', 'GM', 'GE', 'GD', 'GW', 'GY', 'HT', 'JM', 'KI', 'LS', 'LR', 'MW', 'MV', 'ML', 'MH', 'FM', 'NA', 'NR', 'NE', 'PW', 'PG', 'WS', 'SM', 'ST', 'SN', 'SC', 'SL', 'SB', 'KN', 'LC', 'VC', 'SR', 'TL', 'TO', 'TT', 'TV', 'VU', 'AZ', 'BN', 'BI', 'KH', 'CM', 'TD', 'KM', 'GQ', 'SZ', 'GA', 'GN', 'KG', 'LA', 'MO', 'MR', 'MN', 'NP', 'RW', 'TG', 'UZ', 'ZW', 'BJ', 'MG', 'MU', 'MZ', 'AO', 'CI', 'DJ', 'ZM', 'CD', 'CG', 'IQ', 'LY', 'TJ', 'VE', 'ET', 'XK']"
Pieces,2DHDuADAHoUW6n0z80RLQF,Black Bear,2Objy4bpKyIT4JsUsBr8ka,album,Andrew Belle,3UAk61T8PItbpgEi9u7ofY,"['AR', 'AU', 'AT', 'BE', 'BO', 'BR', 'BG', 'CA', 'CL', 'CO', 'CR', 'CY', 'CZ', 'DK', 'DO', 'DE', 'EC', 'EE', 'SV', 'FI', 'FR', 'GR', 'GT', 'HN', 'HK', 'HU', 'IS', 'IE', 'IT', 'LV', 'LT', 'LU', 'MY', 'MT', 'MX', 'NL', 'NZ', 'NI', 'NO', 'PA', 'PY', 'PE', 'PH', 'PL', 'PT', 'SG', 'SK', 'ES', 'SE', 'CH', 'TW', 'TR', 'UY', 'US', 'GB', 'AD', 'LI', 'MC', 'ID', 'JP', 'TH', 'VN', 'RO', 'IL', 'ZA', 'SA', 'AE', 'BH', 'QA', 'OM', 'KW', 'EG', 'MA', 'DZ', 'TN', 'LB', 'JO', 'PS', 'IN', 'BY', 'KZ', 'MD', 'UA', 'AL', 'BA', 'HR', 'ME', 'MK', 'RS', 'SI', 'KR', 'BD', 'PK', 'LK', 'GH', 'KE', 'NG', 'TZ', 'UG', 'AG', 'AM', 'BS', 'BB', 'BZ', 'BT', 'BW', 'BF', 'CV', 'CW', 'DM', 'FJ', 'GM', 'GE', 'GD', 'GW', 'GY', 'HT', 'JM', 'KI', 'LS', 'LR', 'MW', 'MV', 'ML', 'MH', 'FM', 'NA', 'NR', 'NE', 'PW', 'PG', 'PR', 'WS', 'SM', 'ST', 'SN', 'SC', 'SL', 'SB', 'KN', 'LC', 'VC', 'SR', 'TL', 'TO', 'TT', 'TV', 'VU', 'AZ', 'BN', 'BI', 'KH', 'CM', 'TD', 'KM', 'GQ', 'SZ', 'GA', 'GN', 'KG', 'LA', 'MO', 'MR', 'MN', 'NP', 'RW', 'TG', 'UZ', 'ZW', 'BJ', 'MG', 'MU', 'MZ', 'AO', 'CI', 'DJ', 'ZM', 'CD', 'CG', 'IQ', 'LY', 'TJ', 'VE', 'ET', 'XK']"
A Drop in the Ocean,5JDcQAztvZTIkrWoZihgvC,The Bedroom Demos,0yVBYSlNkpWuqB9TheUQEm,album,Ron Pope,6CmXhyslohOFRJMtPpRm4O,"['AR', 'AU', 'AT', 'BE', 'BO', 'BR', 'BG', 'CA', 'CL', 'CO', 'CR', 'CY', 'CZ', 'DK', 'DO', 'DE', 'EC', 'EE', 'SV', 'FI', 'FR', 'GR', 'GT', 'HN', 'HK', 'HU', 'IS', 'IE', 'IT', 'LV', 'LT', 'LU', 'MY', 'MT', 'MX', 'NL', 'NZ', 'NI', 'NO', 'PA', 'PY', 'PE', 'PH', 'PL', 'PT', 'SG', 'SK', 'ES', 'SE', 'CH', 'TW', 'TR', 'UY', 'US', 'GB', 'AD', 'LI', 'MC', 'ID', 'JP', 'TH', 'VN', 'RO', 'IL', 'ZA', 'SA', 'AE', 'BH', 'QA', 'OM', 'KW', 'EG', 'MA', 'DZ', 'TN', 'LB', 'JO', 'PS', 'IN', 'BY', 'KZ', 'MD', 'UA', 'AL', 'BA', 'HR', 'ME', 'MK', 'RS', 'SI', 'KR', 'BD', 'PK', 'LK', 'GH', 'KE', 'NG', 'TZ', 'UG', 'AG', 'AM', 'BS', 'BB', 'BZ', 'BT', 'BW', 'BF', 'CV', 'CW', 'DM', 'FJ', 'GM', 'GE', 'GD', 'GW', 'GY', 'HT', 'JM', 'KI', 'LS', 'LR', 'MW', 'MV', 'ML', 'MH', 'FM', 'NA', 'NR', 'NE', 'PW', 'PG', 'PR', 'WS', 'SM', 'ST', 'SN', 'SC', 'SL', 'SB', 'KN', 'LC', 'VC', 'SR', 'TL', 'TO', 'TT', 'TV', 'VU', 'AZ', 'BN', 'BI', 'KH', 'CM', 'TD', 'KM', 'GQ', 'SZ', 'GA', 'GN', 'KG', 'LA', 'MO', 'MR', 'MN', 'NP', 'RW', 'TG', 'UZ', 'ZW', 'BJ', 'MG', 'MU', 'MZ', 'AO', 'CI', 'DJ', 'ZM', 'CD', 'CG', 'IQ', 'LY', 'TJ', 'VE', 'ET', 'XK']"
So Far Away - Acoustic,2sYFi9xVSZ56WHKSY2fN1K,So Far Away (Acoustic),7uDJeS0QUQVpQhjzSTa1nz,single,Adam Christopher,22QkuOmdRnasuuVgUjhrVw,"['AR', 'AU', 'AT', 'BE', 'BO', 'BR', 'BG', 'CA', 'CL', 'CO', 'CR', 'CY', 'CZ', 'DK', 'DO', 'DE', 'EC', 'EE', 'SV', 'FI', 'FR', 'GR', 'GT', 'HN', 'HK', 'HU', 'IS', 'IE', 'IT', 'LV', 'LT', 'LU', 'MY', 'MT', 'MX', 'NL', 'NZ', 'NI', 'NO', 'PA', 'PY', 'PE', 'PH', 'PL', 'PT', 'SG', 'SK', 'ES', 'SE', 'CH', 'TW', 'TR', 'UY', 'US', 'GB', 'AD', 'LI', 'MC', 'ID', 'JP', 'TH', 'VN', 'RO', 'IL', 'ZA', 'SA', 'AE', 'BH', 'QA', 'OM', 'KW', 'EG', 'MA', 'DZ', 'TN', 'LB', 'JO', 'PS', 'IN', 'BY', 'KZ', 'MD', 'UA', 'AL', 'BA', 'HR', 'ME', 'MK', 'RS', 'SI', 'KR', 'BD', 'PK', 'LK', 'GH', 'KE', 'NG', 'TZ', 'UG', 'AG', 'AM', 'BS', 'BB', 'BZ', 'BT', 'BW', 'BF', 'CV', 'CW', 'DM', 'FJ', 'GM', 'GE', 'GD', 'GW', 'GY', 'HT', 'JM', 'KI', 'LS', 'LR', 'MW', 'MV', 'ML', 'MH', 'FM', 'NA', 'NR', 'NE', 'PW', 'PG', 'PR', 'WS', 'SM', 'ST', 'SN', 'SC', 'SL', 'SB', 'KN', 'LC', 'VC', 'SR', 'TL', 'TO', 'TT', 'TV', 'VU', 'AZ', 'BN', 'BI', 'KH', 'CM', 'TD', 'KM', 'GQ', 'SZ', 'GA', 'GN', 'KG', 'LA', 'MO', 'MR', 'MN', 'NP', 'RW', 'TG', 'UZ', 'ZW', 'BJ', 'MG', 'MU', 'MZ', 'AO', 'CI', 'DJ', 'ZM', 'CD', 'CG', 'IQ', 'LY', 'TJ', 'VE', 'ET', 'XK']"
The Enemy,6xJOhSm4SvZwzy3uhWz26O,Black Bear,2Objy4bpKyIT4JsUsBr8ka,album,Andrew Belle,3UAk61T8PItbpgEi9u7ofY,"['AR', 'AU', 'AT', 'BE', 'BO', 'BR', 'BG', 'CA', 'CL', 'CO', 'CR', 'CY', 'CZ', 'DK', 'DO', 'DE', 'EC', 'EE', 'SV', 'FI', 'FR', 'GR', 'GT', 'HN', 'HK', 'HU', 'IS', 'IE', 'IT', 'LV', 'LT', 'LU', 'MY', 'MT', 'MX', 'NL', 'NZ', 'NI', 'NO', 'PA', 'PY', 'PE', 'PH', 'PL', 'PT', 'SG', 'SK', 'ES', 'SE', 'CH', 'TW', 'TR', 'UY', 'US', 'GB', 'AD', 'LI', 'MC', 'ID', 'JP', 'TH', 'VN', 'RO', 'IL', 'ZA', 'SA', 'AE', 'BH', 'QA', 'OM', 'KW', 'EG', 'MA', 'DZ', 'TN', 'LB', 'JO', 'PS', 'IN', 'BY', 'KZ', 'MD', 'UA', 'AL', 'BA', 'HR', 'ME', 'MK', 'RS', 'SI', 'KR', 'BD', 'PK', 'LK', 'GH', 'KE', 'NG', 'TZ', 'UG', 'AG', 'AM', 'BS', 'BB', 'BZ', 'BT', 'BW', 'BF', 'CV', 'CW', 'DM', 'FJ', 'GM', 'GE', 'GD', 'GW', 'GY', 'HT', 'JM', 'KI', 'LS', 'LR', 'MW', 'MV', 'ML', 'MH', 'FM', 'NA', 'NR', 'NE', 'PW', 'PG', 'PR', 'WS', 'SM', 'ST', 'SN', 'SC', 'SL', 'SB', 'KN', 'LC', 'VC', 'SR', 'TL', 'TO', 'TT', 'TV', 'VU', 'AZ', 'BN', 'BI', 'KH', 'CM', 'TD', 'KM', 'GQ', 'SZ', 'GA', 'GN', 'KG', 'LA', 'MO', 'MR', 'MN', 'NP', 'RW', 'TG', 'UZ', 'ZW', 'BJ', 'MG', 'MU', 'MZ', 'AO', 'CI', 'DJ', 'ZM', 'CD', 'CG', 'IQ', 'LY', 'TJ', 'VE', 'ET', 'XK']"
Build It Better,7lLKxcNeJtDTWVRKHovLEC,Build It Better,0lY0yzXEGGZP85UtyPbJTZ,single,Aron Wright,4MKVLp1MAwYFqaXhe1g8dA,"['AR', 'AU', 'AT', 'BE', 'BO', 'BR', 'BG', 'CA', 'CL', 'CO', 'CR', 'CY', 'CZ', 'DK', 'DO', 'DE', 'EC', 'EE', 'SV', 'FI', 'FR', 'GR', 'GT', 'HN', 'HK', 'HU', 'IS', 'IE', 'IT', 'LV', 'LT', 'LU', 'MY', 'MT', 'MX', 'NL', 'NZ', 'NI', 'NO', 'PA', 'PY', 'PE', 'PH', 'PL', 'PT', 'SG', 'SK', 'ES', 'SE', 'CH', 'TW', 'TR', 'UY', 'US', 'GB', 'AD', 'LI', 'MC', 'ID', 'JP', 'TH', 'VN', 'RO', 'IL', 'ZA', 'SA', 'AE', 'BH', 'QA', 'OM', 'KW', 'EG', 'MA', 'DZ', 'TN', 'LB', 'JO', 'PS', 'IN', 'BY', 'KZ', 'MD', 'UA', 'AL', 'BA', 'HR', 'ME', 'MK', 'RS', 'SI', 'KR', 'BD', 'PK', 'LK', 'GH', 'KE', 'NG', 'TZ', 'UG', 'AG', 'AM', 'BS', 'BB', 'BZ', 'BT', 'BW', 'BF', 'CV', 'CW', 'DM', 'FJ', 'GM', 'GE', 'GD', 'GW', 'GY', 'HT', 'JM', 'KI', 'LS', 'LR', 'MW', 'MV', 'ML', 'MH', 'FM', 'NA', 'NR', 'NE', 'PW', 'PG', 'PR', 'WS', 'SM', 'ST', 'SN', 'SC', 'SL', 'SB', 'KN', 'LC', 'VC', 'SR', 'TL', 'TO', 'TT', 'TV', 'VU', 'AZ', 'BN', 'BI', 'KH', 'CM', 'TD', 'KM', 'GQ', 'SZ', 'GA', 'GN', 'KG', 'LA', 'MO', 'MR', 'MN', 'NP', 'RW', 'TG', 'UZ', 'ZW', 'BJ', 'MG', 'MU', 'MZ', 'AO', 'CI', 'DJ', 'ZM', 'CD', 'CG', 'IQ', 'LY', 'TJ', 'VE', 'ET', 'XK']"
Sleepwalking in the Rain,25UzeaV47eDT44Fovve6xQ,Sleepwalking in the Rain,74SMTsnPsr9qU0s6xOSAs2,single,Chord Overstreet,5D3muNJhYYunbRkh3FKgX0,"['AR', 'AU', 'AT', 'BE', 'BO', 'BR', 'BG', 'CA', 'CL', 'CO', 'CR', 'CY', 'CZ', 'DK', 'DO', 'DE', 'EC', 'EE', 'SV', 'FI', 'FR', 'GR', 'GT', 'HN', 'HK', 'HU', 'IS', 'IE', 'IT', 'LV', 'LT', 'LU', 'MY', 'MT', 'MX', 'NL', 'NZ', 'NI', 'NO', 'PA', 'PY', 'PE', 'PH', 'PL', 'PT', 'SG', 'SK', 'ES', 'SE', 'CH', 'TW', 'TR', 'UY', 'US', 'GB', 'AD', 'LI', 'MC', 'ID', 'JP', 'TH', 'VN', 'RO', 'IL', 'ZA', 'SA', 'AE', 'BH', 'QA', 'OM', 'KW', 'EG', 'MA', 'DZ', 'TN', 'LB', 'JO', 'PS', 'IN', 'BY', 'KZ', 'MD', 'UA', 'AL', 'BA', 'HR', 'ME', 'MK', 'RS', 'SI', 'KR', 'BD', 'PK', 'LK', 'GH', 'KE', 'NG', 'TZ', 'UG', 'AG', 'AM', 'BS', 'BB', 'BZ', 'BT', 'BW', 'BF', 'CV', 'CW', 'DM', 'FJ', 'GM', 'GE', 'GD', 'GW', 'GY', 'HT', 'JM', 'KI', 'LS', 'LR', 'MW', 'MV', 'ML', 'MH', 'FM', 'NA', 'NR', 'NE', 'PW', 'PG', 'PR', 'WS', 'SM', 'ST', 'SN', 'SC', 'SL', 'SB', 'KN', 'LC', 'VC', 'SR', 'TL', 'TO', 'TT', 'TV', 'VU', 'AZ', 'BN', 'BI', 'KH', 'CM', 'TD', 'KM', 'GQ', 'SZ', 'GA', 'GN', 'KG', 'LA', 'MO', 'MR', 'MN', 'NP', 'RW', 'TG', 'UZ', 'ZW', 'BJ', 'MG', 'MU', 'MZ', 'AO', 'CI', 'DJ', 'ZM', 'CD', 'CG', 'IQ', 'LY', 'TJ', 'VE', 'ET', 'XK']"
Gravity,4oa14QBfWRDfJy2agySy0L,Little Voice,2Z9WUERfMjOgQ6ze9TcGbF,album,Sara Bareilles,2Sqr0DXoaYABbjBo9HaMkM,"['AR', 'AU', 'AT', 'BE', 'BO', 'BR', 'BG', 'CA', 'CL', 'CO', 'CR', 'CY', 'CZ', 'DK', 'DO', 'DE', 'EC', 'EE', 'SV', 'FI', 'FR', 'GR', 'GT', 'HN', 'HK', 'HU', 'IS', 'IE', 'IT', 'LV', 'LT', 'LU', 'MY', 'MT', 'MX', 'NL', 'NZ', 'NI', 'NO', 'PA', 'PY', 'PE', 'PH', 'PL', 'PT', 'SG', 'SK', 'ES', 'SE', 'CH', 'TW', 'TR', 'UY', 'US', 'GB', 'AD', 'LI', 'MC', 'ID', 'JP', 'TH', 'VN', 'RO', 'IL', 'ZA', 'SA', 'AE', 'BH', 'QA', 'OM', 'KW', 'EG', 'MA', 'DZ', 'TN', 'LB', 'JO', 'PS', 'IN', 'BY', 'KZ', 'MD', 'UA', 'AL', 'BA', 'HR', 'ME', 'MK', 'RS', 'SI', 'KR', 'BD', 'PK', 'LK', 'GH', 'KE', 'NG', 'TZ', 'UG', 'AG', 'AM', 'BS', 'BB', 'BZ', 'BT', 'BW', 'BF', 'CV', 'CW', 'DM', 'FJ', 'GM', 'GE', 'GD', 'GW', 'GY', 'HT', 'JM', 'KI', 'LS', 'LR', 'MW', 'MV', 'ML', 'MH', 'FM', 'NA', 'NR', 'NE', 'PW', 'PG', 'PR', 'WS', 'SM', 'ST', 'SN', 'SC', 'SL', 'SB', 'KN', 'LC', 'VC', 'SR', 'TL', 'TO', 'TT', 'TV', 'VU', 'AZ', 'BN', 'BI', 'KH', 'CM', 'TD', 'KM', 'GQ', 'SZ', 'GA', 'GN', 'KG', 'LA', 'MO', 'MR', 'MN', 'NP', 'RW', 'TG', 'UZ', 'ZW', 'BJ', 'MG', 'MU', 'MZ', 'AO', 'CI', 'DJ', 'ZM', 'CD', 'CG', 'IQ', 'LY', 'TJ', 'VE', 'ET', 'XK']"
What's Left of You,2gRKq9rIC5i1zuxp06zJWH,What's Left of You,0YxGSwRTpQM2QB5yc7sG6f,single,Chord Overstreet,5D3muNJhYYunbRkh3FKgX0,"['AR', 'AU', 'AT', 'BE', 'BO', 'BR', 'BG', 'CA', 'CL', 'CO', 'CR', 'CY', 'CZ', 'DK', 'DO', 'DE', 'EC', 'EE', 'SV', 'FI', 'FR', 'GR', 'GT', 'HN', 'HK', 'HU', 'IS', 'IE', 'IT', 'LV', 'LT', 'LU', 'MY', 'MT', 'MX', 'NL', 'NZ', 'NI', 'NO', 'PA', 'PY', 'PE', 'PH', 'PL', 'PT', 'SG', 'SK', 'ES', 'SE', 'CH', 'TW', 'TR', 'UY', 'US', 'GB', 'AD', 'LI', 'MC', 'ID', 'JP', 'TH', 'VN', 'RO', 'IL', 'ZA', 'SA', 'AE', 'BH', 'QA', 'OM', 'KW', 'EG', 'MA', 'DZ', 'TN', 'LB', 'JO', 'PS', 'IN', 'BY', 'KZ', 'MD', 'UA', 'AL', 'BA', 'HR', 'ME', 'MK', 'RS', 'SI', 'KR', 'BD', 'PK', 'LK', 'GH', 'KE', 'NG', 'TZ', 'UG', 'AG', 'AM', 'BS', 'BB', 'BZ', 'BT', 'BW', 'BF', 'CV', 'CW', 'DM', 'FJ', 'GM', 'GE', 'GD', 'GW', 'GY', 'HT', 'JM', 'KI', 'LS', 'LR', 'MW', 'MV', 'ML', 'MH', 'FM', 'NA', 'NR', 'NE', 'PW', 'PG', 'PR', 'WS', 'SM', 'ST', 'SN', 'SC', 'SL', 'SB', 'KN', 'LC', 'VC', 'SR', 'TL', 'TO', 'TT', 'TV', 'VU', 'AZ', 'BN', 'BI', 'KH', 'CM', 'TD', 'KM', 'GQ', 'SZ', 'GA', 'GN', 'KG', 'LA', 'MO', 'MR', 'MN', 'NP', 'RW', 'TG', 'UZ', 'ZW', 'BJ', 'MG', 'MU', 'MZ', 'AO', 'CI', 'DJ', 'ZM', 'CD', 'CG', 'IQ', 'LY', 'TJ', 'VE', 'ET', 'XK']"
Pano,08MFgEQeVLF37EyZ7jcwLc,Pano,1HJ34zQqSqNvZeO2W6dE01,single,Zack Tabudlo,67IN4cLJ7798gUapyZlmac,"['AR', 'AU', 'AT', 'BE', 'BO', 'BR', 'BG', 'CA', 'CL', 'CO', 'CR', 'CY', 'CZ', 'DK', 'DO', 'DE', 'EC', 'EE', 'SV', 'FI', 'FR', 'GR', 'GT', 'HN', 'HK', 'HU', 'IS', 'IE', 'IT', 'LV', 'LT', 'LU', 'MY', 'MT', 'MX', 'NL', 'NZ', 'NI', 'NO', 'PA', 'PY', 'PE', 'PH', 'PL', 'PT', 'SG', 'SK', 'ES', 'SE', 'CH', 'TW', 'TR', 'UY', 'US', 'GB', 'AD', 'LI', 'MC', 'ID', 'JP', 'TH', 'VN', 'RO', 'IL', 'ZA', 'SA', 'AE', 'BH', 'QA', 'OM', 'KW', 'EG', 'MA', 'DZ', 'TN', 'LB', 'JO', 'PS', 'IN', 'BY', 'KZ', 'MD', 'UA', 'AL', 'BA', 'HR', 'ME', 'MK', 'RS', 'SI', 'KR', 'BD', 'PK', 'LK', 'GH', 'KE', 'NG', 'TZ', 'UG', 'AG', 'AM', 'BS', 'BB', 'BZ', 'BT', 'BW', 'BF', 'CV', 'CW', 'DM', 'FJ', 'GM', 'GE', 'GD', 'GW', 'GY', 'HT', 'JM', 'KI', 'LS', 'LR', 'MW', 'MV', 'ML', 'MH', 'FM', 'NA', 'NR', 'NE', 'PW', 'PG', 'WS', 'SM', 'ST', 'SN', 'SC', 'SL', 'SB', 'KN', 'LC', 'VC', 'SR', 'TL', 'TO', 'TT', 'TV', 'VU', 'AZ', 'BN', 'BI', 'KH', 'CM', 'TD', 'KM', 'GQ', 'SZ', 'GA', 'GN', 'KG', 'LA', 'MO', 'MR', 'MN', 'NP', 'RW', 'TG', 'UZ', 'ZW', 'BJ', 'MG', 'MU', 'MZ', 'AO', 'CI', 'DJ', 'ZM', 'CD', 'CG', 'IQ', 'LY', 'TJ', 'VE', 'ET', 'XK']"
Sky's Still Blue,6nXIYClvJAfi6ujLiKqEq8,The Daylight EP,1ySOjsIsZDMlAIkEPGUHTN,single,Andrew Belle,3UAk61T8PItbpgEi9u7ofY,"['AR', 'AU', 'AT', 'BE', 'BO', 'BR', 'BG', 'CA', 'CL', 'CO', 'CR', 'CY', 'CZ', 'DK', 'DO', 'DE', 'EC', 'EE', 'SV', 'FI', 'FR', 'GR', 'GT', 'HN', 'HK', 'HU', 'IS', 'IE', 'IT', 'LV', 'LT', 'LU', 'MY', 'MT', 'MX', 'NL', 'NZ', 'NI', 'NO', 'PA', 'PY', 'PE', 'PH', 'PL', 'PT', 'SG', 'SK', 'ES', 'SE', 'CH', 'TW', 'TR', 'UY', 'US', 'GB', 'AD', 'LI', 'MC', 'ID', 'JP', 'TH', 'VN', 'RO', 'IL', 'ZA', 'SA', 'AE', 'BH', 'QA', 'OM', 'KW', 'EG', 'MA', 'DZ', 'TN', 'LB', 'JO', 'PS', 'IN', 'BY', 'KZ', 'MD', 'UA', 'AL', 'BA', 'HR', 'ME', 'MK', 'RS', 'SI', 'KR', 'BD', 'PK', 'LK', 'GH', 'KE', 'NG', 'TZ', 'UG', 'AG', 'AM', 'BS', 'BB', 'BZ', 'BT', 'BW', 'BF', 'CV', 'CW', 'DM', 'FJ', 'GM', 'GE', 'GD', 'GW', 'GY', 'HT', 'JM', 'KI', 'LS', 'LR', 'MW', 'MV', 'ML', 'MH', 'FM', 'NA', 'NR', 'NE', 'PW', 'PG', 'PR', 'WS', 'SM', 'ST', 'SN', 'SC', 'SL', 'SB', 'KN', 'LC', 'VC', 'SR', 'TL', 'TO', 'TT', 'TV', 'VU', 'AZ', 'BN', 'BI', 'KH', 'CM', 'TD', 'KM', 'GQ', 'SZ', 'GA', 'GN', 'KG', 'LA', 'MO', 'MR', 'MN', 'NP', 'RW', 'TG', 'UZ', 'ZW', 'BJ', 'MG', 'MU', 'MZ', 'AO', 'CI', 'DJ', 'ZM', 'CD', 'CG', 'IQ', 'LY', 'TJ', 'VE', 'ET', 'XK']"
And I Love Her,7x4b0UccXSKBWxWmjcrG2T,Montage Of Heck: The Home Recordings,5UlRowLBWdNDdO17os804M,album,Kurt Cobain,6pAuTi6FXi6qFQJ1dzMXQs,"['AR', 'AU', 'AT', 'BE', 'BO', 'BR', 'BG', 'CA', 'CL', 'CO', 'CR', 'CY', 'CZ', 'DK', 'DO', 'DE', 'EC', 'EE', 'SV', 'FI', 'FR', 'GR', 'GT', 'HN', 'HK', 'HU', 'IS', 'IE', 'IT', 'LV', 'LT', 'LU', 'MY', 'MT', 'MX', 'NL', 'NZ', 'NI', 'NO', 'PA', 'PY', 'PE', 'PH', 'PL', 'PT', 'SG', 'SK', 'ES', 'SE', 'CH', 'TW', 'TR', 'UY', 'US', 'GB', 'AD', 'LI', 'MC', 'ID', 'JP', 'TH', 'VN', 'RO', 'IL', 'ZA', 'SA', 'AE', 'BH', 'QA', 'OM', 'KW', 'EG', 'MA', 'DZ', 'TN', 'LB', 'JO', 'PS', 'IN', 'BY', 'KZ', 'MD', 'UA', 'AL', 'BA', 'HR', 'ME', 'MK', 'RS', 'SI', 'KR', 'BD', 'PK', 'LK', 'GH', 'KE', 'NG', 'TZ', 'UG', 'AG', 'AM', 'BS', 'BB', 'BZ', 'BT', 'BW', 'BF', 'CV', 'CW', 'DM', 'FJ', 'GM', 'GE', 'GD', 'GW', 'GY', 'HT', 'JM', 'KI', 'LS', 'LR', 'MW', 'MV', 'ML', 'MH', 'FM', 'NA', 'NR', 'NE', 'PW', 'PG', 'WS', 'SM', 'ST', 'SN', 'SC', 'SL', 'SB', 'KN', 'LC', 'VC', 'SR', 'TL', 'TO', 'TT', 'TV', 'VU', 'AZ', 'BN', 'BI', 'KH', 'CM', 'TD', 'KM', 'GQ', 'SZ', 'GA', 'GN', 'KG', 'LA', 'MO', 'MR', 'MN', 'NP', 'RW', 'TG', 'UZ', 'ZW', 'BJ', 'MG', 'MU', 'MZ', 'AO', 'CI', 'DJ', 'ZM', 'CD', 'CG', 'IQ', 'LY', 'TJ', 'VE', 'ET', 'XK']"
We Can't Stop,6owKuyHxUqidcAA6fPKSyy,"Cover Sessions, Vol. 3",1DpZ3jGqyRCTQ8Eoas1MP4,album,Boyce Avenue,7CQwac16i1W5ej8YpuL3dv,"['AR', 'AU', 'AT', 'BE', 'BO', 'BR', 'BG', 'CA', 'CL', 'CO', 'CR', 'CY', 'CZ', 'DK', 'DO', 'DE', 'EC', 'EE', 'SV', 'FI', 'FR', 'GR', 'GT', 'HN', 'HK', 'HU', 'IS', 'IE', 'IT', 'LV', 'LT', 'LU', 'MY', 'MT', 'MX', 'NL', 'NZ', 'NI', 'NO', 'PA', 'PY', 'PE', 'PH', 'PL', 'PT', 'SG', 'SK', 'ES', 'SE', 'CH', 'TW', 'TR', 'UY', 'US', 'GB', 'AD', 'LI', 'MC', 'ID', 'JP', 'TH', 'VN', 'RO', 'IL', 'ZA', 'SA', 'AE', 'BH', 'QA', 'OM', 'KW', 'EG', 'MA', 'DZ', 'TN', 'LB', 'JO', 'PS', 'IN', 'BY', 'KZ', 'MD', 'UA', 'AL', 'BA', 'HR', 'ME', 'MK', 'RS', 'SI', 'KR', 'BD', 'PK', 'LK', 'GH', 'KE', 'NG', 'TZ', 'UG', 'AG', 'AM', 'BS', 'BB', 'BZ', 'BT', 'BW', 'BF', 'CV', 'CW', 'DM', 'FJ', 'GM', 'GE', 'GD', 'GW', 'GY', 'HT', 'JM', 'KI', 'LS', 'LR', 'MW', 'MV', 'ML', 'MH', 'FM', 'NA', 'NR', 'NE', 'PW', 'PG', 'PR', 'WS', 'SM', 'ST', 'SN', 'SC', 'SL', 'SB', 'KN', 'LC', 'VC', 'SR', 'TL', 'TO', 'TT', 'TV', 'VU', 'AZ', 'BN', 'BI', 'KH', 'CM', 'TD', 'KM', 'GQ', 'SZ', 'GA', 'GN', 'KG', 'LA', 'MO', 'MR', 'MN', 'NP', 'RW', 'TG', 'UZ', 'ZW', 'BJ', 'MG', 'MU', 'MZ', 'AO', 'CI', 'DJ', 'ZM', 'CD', 'CG', 'IQ', 'LY', 'TJ', 'VE', 'ET', 'XK']"
Always Be My Baby,0wbmIfvndFV9VDvuUY1pYN,Covers,7HwdeHyCFWLnIncRA52ncL,single,Tim Halperin,3nVeK8gQChVtVCCjGreal2,[]
Alone with You,3e5yu9MkIvQx17mm7LF6KY,Midnight Waves,6ZpIBoOCALDVIzJFFASZLP,album,Canyon City,6TdfKQvrdHZdr4DIzjuWOr,"['AR', 'AU', 'AT', 'BE', 'BO', 'BR', 'BG', 'CA', 'CL', 'CO', 'CR', 'CY', 'CZ', 'DK', 'DO', 'DE', 'EC', 'EE', 'SV', 'FI', 'FR', 'GR', 'GT', 'HN', 'HK', 'HU', 'IS', 'IE', 'IT', 'LV', 'LT', 'LU', 'MY', 'MT', 'MX', 'NL', 'NZ', 'NI', 'NO', 'PA', 'PY', 'PE', 'PH', 'PL', 'PT', 'SG', 'SK', 'ES', 'SE', 'CH', 'TW', 'TR', 'UY', 'US', 'GB', 'AD', 'LI', 'MC', 'ID', 'JP', 'TH', 'VN', 'RO', 'IL', 'ZA', 'SA', 'AE', 'BH', 'QA', 'OM', 'KW', 'EG', 'MA', 'DZ', 'TN', 'LB', 'JO', 'PS', 'IN', 'BY', 'KZ', 'MD', 'UA', 'AL', 'BA', 'HR', 'ME', 'MK', 'RS', 'SI', 'KR', 'BD', 'PK', 'LK', 'GH', 'KE', 'NG', 'TZ', 'UG', 'AG', 'AM', 'BS', 'BB', 'BZ', 'BT', 'BW', 'BF', 'CV', 'CW', 'DM', 'FJ', 'GM', 'GE', 'GD', 'GW', 'GY', 'HT', 'JM', 'KI', 'LS', 'LR', 'MW', 'MV', 'ML', 'MH', 'FM', 'NA', 'NR', 'NE', 'PW', 'PG', 'PR', 'WS', 'SM', 'ST', 'SN', 'SC', 'SL', 'SB', 'KN', 'LC', 'VC', 'SR', 'TL', 'TO', 'TT', 'TV', 'VU', 'AZ', 'BN', 'BI', 'KH', 'CM', 'TD', 'KM', 'GQ', 'SZ', 'GA', 'GN', 'KG', 'LA', 'MO', 'MR', 'MN', 'NP', 'RW', 'TG', 'UZ', 'ZW', 'BJ', 'MG', 'MU', 'MZ', 'AO', 'CI', 'DJ', 'ZM', 'CD', 'CG', 'IQ', 'LY', 'TJ', 'VE', 'ET', 'XK']"
Making All Things New,6VwAh8Z1d5YKoSWoEaV4db,Making All Things New,6Ng0ObItoKjeUL0POlI4FU,single,Aaron Espe,11nbBcaBk8uXBPQsc3Sq9p,"['AR', 'AU', 'AT', 'BE', 'BO', 'BR', 'BG', 'CA', 'CL', 'CO', 'CR', 'CY', 'CZ', 'DK', 'DO', 'DE', 'EC', 'EE', 'SV', 'FI', 'FR', 'GR', 'GT', 'HN', 'HK', 'HU', 'IS', 'IE', 'IT', 'LV', 'LT', 'LU', 'MY', 'MT', 'MX', 'NL', 'NZ', 'NI', 'NO', 'PA', 'PY', 'PE', 'PH', 'PL', 'PT', 'SG', 'SK', 'ES', 'SE', 'CH', 'TW', 'TR', 'UY', 'US', 'GB', 'AD', 'LI', 'MC', 'ID', 'JP', 'TH', 'VN', 'RO', 'IL', 'ZA', 'SA', 'AE', 'BH', 'QA', 'OM', 'KW', 'EG', 'MA', 'DZ', 'TN', 'LB', 'JO', 'PS', 'IN', 'BY', 'KZ', 'MD', 'UA', 'AL', 'BA', 'HR', 'ME', 'MK', 'RS', 'SI', 'KR', 'BD', 'PK', 'LK', 'GH', 'KE', 'NG', 'TZ', 'UG', 'AG', 'AM', 'BS', 'BB', 'BZ', 'BT', 'BW', 'BF', 'CV', 'CW', 'DM', 'FJ', 'GM', 'GE', 'GD', 'GW', 'GY', 'HT', 'JM', 'KI', 'LS', 'LR', 'MW', 'MV', 'ML', 'MH', 'FM', 'NA', 'NR', 'NE', 'PW', 'PG', 'PR', 'WS', 'SM', 'ST', 'SN', 'SC', 'SL', 'SB', 'KN', 'LC', 'VC', 'SR', 'TL', 'TO', 'TT', 'TV', 'VU', 'AZ', 'BN', 'BI', 'KH', 'CM', 'TD', 'KM', 'GQ', 'SZ', 'GA', 'GN', 'KG', 'LA', 'MO', 'MR', 'MN', 'NP', 'RW', 'TG', 'UZ', 'ZW', 'BJ', 'MG', 'MU', 'MZ', 'AO', 'CI', 'DJ', 'ZM', 'CD', 'CG', 'IQ', 'LY', 'TJ', 'VE', 'ET', 'XK']"
She Used To Be Mine,2D4BSm5Z8Hq5zYbSgJwEOh,What's Inside: Songs from Waitress,1s6codM2ZAB008t9GTyaEk,album,Sara Bareilles,2Sqr0DXoaYABbjBo9HaMkM,"['AR', 'AU', 'AT', 'BE', 'BO', 'BR', 'BG', 'CA', 'CL', 'CO', 'CR', 'CY', 'CZ', 'DK', 'DO', 'DE', 'EC', 'EE', 'SV', 'FI', 'FR', 'GR', 'GT', 'HN', 'HK', 'HU', 'IS', 'IE', 'IT', 'LV', 'LT', 'LU', 'MY', 'MT', 'MX', 'NL', 'NZ', 'NI', 'NO', 'PA', 'PY', 'PE', 'PH', 'PL', 'PT', 'SG', 'SK', 'ES', 'SE', 'CH', 'TW', 'TR', 'UY', 'US', 'GB', 'AD', 'LI', 'MC', 'ID', 'JP', 'TH', 'VN', 'RO', 'IL', 'ZA', 'SA', 'AE', 'BH', 'QA', 'OM', 'KW', 'EG', 'MA', 'DZ', 'TN', 'LB', 'JO', 'PS', 'IN', 'BY', 'KZ', 'MD', 'UA', 'AL', 'BA', 'HR', 'ME', 'MK', 'RS', 'SI', 'KR', 'BD', 'PK', 'LK', 'GH', 'KE', 'NG', 'TZ', 'UG', 'AG', 'AM', 'BS', 'BB', 'BZ', 'BT', 'BW', 'BF', 'CV', 'CW', 'DM', 'FJ', 'GM', 'GE', 'GD', 'GW', 'GY', 'HT', 'JM', 'KI', 'LS', 'LR', 'MW', 'MV', 'ML', 'MH', 'FM', 'NA', 'NR', 'NE', 'PW', 'PG', 'PR', 'WS', 'SM', 'ST', 'SN', 'SC', 'SL', 'SB', 'KN', 'LC', 'VC', 'SR', 'TL', 'TO', 'TT', 'TV', 'VU', 'AZ', 'BN', 'BI', 'KH', 'CM', 'TD', 'KM', 'GQ', 'SZ', 'GA', 'GN', 'KG', 'LA', 'MO', 'MR', 'MN', 'NP', 'RW', 'TG', 'UZ', 'ZW', 'BJ', 'MG', 'MU', 'MZ', 'AO', 'CI', 'DJ', 'ZM', 'CD', 'CG', 'IQ', 'LY', 'TJ', 'VE', 'ET', 'XK']"
In My Veins - Feat. Erin Mccarley,7LwGBxB0h0CVmkOZxYKn0g,In My Veins (Feat. Erin Mccarley),0Lg8NjaKFHSdsuDM6l58JZ,single,Andrew Belle,3UAk61T8PItbpgEi9u7ofY,"['AR', 'AU', 'AT', 'BE', 'BO', 'BR', 'BG', 'CA', 'CL', 'CO', 'CR', 'CY', 'CZ', 'DK', 'DO', 'DE', 'EC', 'EE', 'SV', 'FI', 'FR', 'GR', 'GT', 'HN', 'HK', 'HU', 'IS', 'IE', 'IT', 'LV', 'LT', 'LU', 'MY', 'MT', 'MX', 'NL', 'NZ', 'NI', 'NO', 'PA', 'PY', 'PE', 'PH', 'PL', 'PT', 'SG', 'SK', 'ES', 'SE', 'CH', 'TW', 'TR', 'UY', 'US', 'GB', 'AD', 'LI', 'MC', 'ID', 'JP', 'TH', 'VN', 'RO', 'IL', 'ZA', 'SA', 'AE', 'BH', 'QA', 'OM', 'KW', 'EG', 'MA', 'DZ', 'TN', 'LB', 'JO', 'PS', 'IN', 'BY', 'KZ', 'MD', 'UA', 'AL', 'BA', 'HR', 'ME', 'MK', 'RS', 'SI', 'KR', 'BD', 'PK', 'LK', 'GH', 'KE', 'NG', 'TZ', 'UG', 'AG', 'AM', 'BS', 'BB', 'BZ', 'BT', 'BW', 'BF', 'CV', 'CW', 'DM', 'FJ', 'GM', 'GE', 'GD', 'GW', 'GY', 'HT', 'JM', 'KI', 'LS', 'LR', 'MW', 'MV', 'ML', 'MH', 'FM', 'NA', 'NR', 'NE', 'PW', 'PG', 'PR', 'WS', 'SM', 'ST', 'SN', 'SC', 'SL', 'SB', 'KN', 'LC', 'VC', 'SR', 'TL', 'TO', 'TT', 'TV', 'VU', 'AZ', 'BN', 'BI', 'KH', 'CM', 'TD', 'KM', 'GQ', 'SZ', 'GA', 'GN', 'KG', 'LA', 'MO', 'MR', 'MN', 'NP', 'RW', 'TG', 'UZ', 'ZW', 'BJ', 'MG', 'MU', 'MZ', 'AO', 'CI', 'DJ', 'ZM', 'CD', 'CG', 'IQ', 'LY', 'TJ', 'VE', 'ET', 'XK']"
I Don't Wanna Live Forever (Fifty Shades Darker),0ZwdH0m32I8odedwvspYTh,Under Covers,2vJDYJoolDQHz8NtYSE9k7,album,Tyler Ward,5Hc9oDGvStNGmnj44m8sHg,[]
A Drop in the Ocean,16dkWKIlBsfYTISCVuDs0w,Whatever It Takes,7J46GczMiJHNjDhWj3vEqU,album,Ron Pope,6CmXhyslohOFRJMtPpRm4O,"['AR', 'AU', 'AT', 'BE', 'BO', 'BR', 'BG', 'CA', 'CL', 'CO', 'CR', 'CY', 'CZ', 'DK', 'DO', 'DE', 'EC', 'EE', 'SV', 'FI', 'FR', 'GR', 'GT', 'HN', 'HK', 'HU', 'IS', 'IE', 'IT', 'LV', 'LT', 'LU', 'MY', 'MT', 'MX', 'NL', 'NZ', 'NI', 'NO', 'PA', 'PY', 'PE', 'PH', 'PL', 'PT', 'SG', 'SK', 'ES', 'SE', 'CH', 'TW', 'TR', 'UY', 'US', 'GB', 'AD', 'LI', 'MC', 'ID', 'JP', 'TH', 'VN', 'RO', 'IL', 'ZA', 'SA', 'AE', 'BH', 'QA', 'OM', 'KW', 'EG', 'MA', 'DZ', 'TN', 'LB', 'JO', 'PS', 'IN', 'BY', 'KZ', 'MD', 'UA', 'AL', 'BA', 'HR', 'ME', 'MK', 'RS', 'SI', 'KR', 'BD', 'PK', 'LK', 'GH', 'KE', 'NG', 'TZ', 'UG', 'AG', 'AM', 'BS', 'BB', 'BZ', 'BT', 'BW', 'BF', 'CV', 'CW', 'DM', 'FJ', 'GM', 'GE', 'GD', 'GW', 'GY', 'HT', 'JM', 'KI', 'LS', 'LR', 'MW', 'MV', 'ML', 'MH', 'FM', 'NA', 'NR', 'NE', 'PW', 'PG', 'PR', 'WS', 'SM', 'ST', 'SN', 'SC', 'SL', 'SB', 'KN', 'LC', 'VC', 'SR', 'TL', 'TO', 'TT', 'TV', 'VU', 'AZ', 'BN', 'BI', 'KH', 'CM', 'TD', 'KM', 'GQ', 'SZ', 'GA', 'GN', 'KG', 'LA', 'MO', 'MR', 'MN', 'NP', 'RW', 'TG', 'UZ', 'ZW', 'BJ', 'MG', 'MU', 'MZ', 'AO', 'CI', 'DJ', 'ZM', 'CD', 'CG', 'IQ', 'LY', 'TJ', 'VE', 'ET', 'XK']"
Superman (It's Not Easy),3TwtrR1yNLY1PMPsrGQpOp,America Town,5MqEXYwwyJYjOb3g7vJ9ZY,album,Five For Fighting,7FgMLbnZVrEnir95O0YujA,"['AR', 'AU', 'AT', 'BE', 'BO', 'BR', 'BG', 'CA', 'CL', 'CO', 'CR', 'CY', 'CZ', 'DK', 'DO', 'DE', 'EC', 'SV', 'FI', 'FR', 'GR', 'GT', 'HN', 'HK', 'HU', 'IS', 'IE', 'IT', 'LU', 'MY', 'MT', 'MX', 'NL', 'NZ', 'NI', 'NO', 'PA', 'PY', 'PE', 'PH', 'PL', 'PT', 'SG', 'SK', 'ES', 'SE', 'CH', 'TW', 'TR', 'UY', 'US', 'GB', 'AD', 'LI', 'MC', 'ID', 'JP', 'TH', 'VN', 'RO', 'IL', 'ZA', 'SA', 'AE', 'BH', 'QA', 'OM', 'KW', 'EG', 'MA', 'DZ', 'TN', 'LB', 'JO', 'PS', 'IN', 'BY', 'KZ', 'MD', 'UA', 'AL', 'BA', 'HR', 'ME', 'MK', 'RS', 'SI', 'KR', 'BD', 'PK', 'LK', 'GH', 'KE', 'NG', 'TZ', 'UG', 'AG', 'AM', 'BS', 'BB', 'BZ', 'BT', 'BW', 'BF', 'CV', 'CW', 'DM', 'FJ', 'GM', 'GE', 'GD', 'GW', 'GY', 'HT', 'JM', 'KI', 'LS', 'LR', 'MW', 'MV', 'ML', 'MH', 'FM', 'NA', 'NR', 'NE', 'PW', 'PG', 'PR', 'WS', 'SM', 'ST', 'SN', 'SC', 'SL', 'SB', 'KN', 'LC', 'VC', 'SR', 'TL', 'TO', 'TT', 'TV', 'VU', 'AZ', 'BN', 'BI', 'KH', 'CM', 'TD', 'KM', 'GQ', 'SZ', 'GA', 'GN', 'KG', 'LA', 'MO', 'MR', 'MN', 'NP', 'RW', 'TG', 'UZ', 'ZW', 'BJ', 'MG', 'MU', 'MZ', 'AO', 'CI', 'DJ', 'ZM', 'CD', 'CG', 'IQ', 'LY', 'TJ', 'VE', 'ET', 'XK']"
When the End Comes,3Et4LKZLnXygPYfNdeB3D3,Dive Deep,4zVkAizREjamOAnvOqE3Du,album,Andrew Belle,3UAk61T8PItbpgEi9u7ofY,"['AR', 'AU', 'AT', 'BE', 'BO', 'BR', 'BG', 'CA', 'CL', 'CO', 'CR', 'CY', 'CZ', 'DK', 'DO', 'DE', 'EC', 'EE', 'SV', 'FI', 'FR', 'GR', 'GT', 'HN', 'HK', 'HU', 'IS', 'IE', 'IT', 'LV', 'LT', 'LU', 'MY', 'MT', 'MX', 'NL', 'NZ', 'NI', 'NO', 'PA', 'PY', 'PE', 'PH', 'PL', 'PT', 'SG', 'SK', 'ES', 'SE', 'CH', 'TW', 'TR', 'UY', 'US', 'GB', 'AD', 'LI', 'MC', 'ID', 'JP', 'TH', 'VN', 'RO', 'IL', 'ZA', 'SA', 'AE', 'BH', 'QA', 'OM', 'KW', 'EG', 'MA', 'DZ', 'TN', 'LB', 'JO', 'PS', 'IN', 'BY', 'KZ', 'MD', 'UA', 'AL', 'BA', 'HR', 'ME', 'MK', 'RS', 'SI', 'KR', 'BD', 'PK', 'LK', 'GH', 'KE', 'NG', 'TZ', 'UG', 'AG', 'AM', 'BS', 'BB', 'BZ', 'BT', 'BW', 'BF', 'CV', 'CW', 'DM', 'FJ', 'GM', 'GE', 'GD', 'GW', 'GY', 'HT', 'JM', 'KI', 'LS', 'LR', 'MW', 'MV', 'ML', 'MH', 'FM', 'NA', 'NR', 'NE', 'PW', 'PG', 'PR', 'WS', 'SM', 'ST', 'SN', 'SC', 'SL', 'SB', 'KN', 'LC', 'VC', 'SR', 'TL', 'TO', 'TT', 'TV', 'VU', 'AZ', 'BN', 'BI', 'KH', 'CM', 'TD', 'KM', 'GQ', 'SZ', 'GA', 'GN', 'KG', 'LA', 'MO', 'MR', 'MN', 'NP', 'RW', 'TG', 'UZ', 'ZW', 'BJ', 'MG', 'MU', 'MZ', 'AO', 'CI', 'DJ', 'ZM', 'CD', 'CG', 'IQ', 'LY', 'TJ', 'VE', 'ET', 'XK']"
You're Still The One,2E9viCx0hJKNKNThd2MdGQ,You're Still The One,65GohvfqtvOH5r0q384UAV,single,Bailey Jehl,3HX0wFvwBn3wbxrtHuEUus,[]
Light Me Up,0Zf1BPkkFAWGtVHeBwHHz4,It Doesn't Have To Make Sense,7CboNMoh7xPzZnL1rprGLV,album,Ingrid Michaelson,2vm8GdHyrJh2O2MfbQFYG0,"['AR', 'AU', 'AT', 'BE', 'BO', 'BR', 'BG', 'CA', 'CL', 'CO', 'CR', 'CY', 'CZ', 'DK', 'DO', 'DE', 'EC', 'EE', 'SV', 'FI', 'FR', 'GR', 'GT', 'HN', 'HK', 'HU', 'IS', 'IE', 'IT', 'LV', 'LT', 'LU', 'MY', 'MT', 'MX', 'NL', 'NZ', 'NI', 'NO', 'PA', 'PY', 'PE', 'PH', 'PL', 'PT', 'SG', 'SK', 'ES', 'SE', 'CH', 'TW', 'TR', 'UY', 'US', 'GB', 'AD', 'LI', 'MC', 'ID', 'JP', 'TH', 'VN', 'RO', 'IL', 'ZA', 'SA', 'AE', 'BH', 'QA', 'OM', 'KW', 'EG', 'MA', 'DZ', 'TN', 'LB', 'JO', 'PS', 'IN', 'BY', 'KZ', 'MD', 'UA', 'AL', 'BA', 'HR', 'ME', 'MK', 'RS', 'SI', 'KR', 'BD', 'PK', 'LK', 'GH', 'KE', 'NG', 'TZ', 'UG', 'AG', 'AM', 'BS', 'BB', 'BZ', 'BT', 'BW', 'BF', 'CV', 'CW', 'DM', 'FJ', 'GM', 'GE', 'GD', 'GW', 'GY', 'HT', 'JM', 'KI', 'LS', 'LR', 'MW', 'MV', 'ML', 'MH', 'FM', 'NA', 'NR', 'NE', 'PW', 'PG', 'WS', 'SM', 'ST', 'SN', 'SC', 'SL', 'SB', 'KN', 'LC', 'VC', 'SR', 'TL', 'TO', 'TT', 'TV', 'VU', 'AZ', 'BN', 'BI', 'KH', 'CM', 'TD', 'KM', 'GQ', 'SZ', 'GA', 'GN', 'KG', 'LA', 'MO', 'MR', 'MN', 'NP', 'RW', 'TG', 'UZ', 'ZW', 'BJ', 'MG', 'MU', 'MZ', 'AO', 'CI', 'DJ', 'ZM', 'CD', 'CG', 'IQ', 'LY', 'TJ', 'VE', 'ET', 'XK']"
93 Million Miles,38jy6kRlPt8z1GUS9WXeNh,Love Is a Four Letter Word,7oD9oCCtFhg5RoLtMR5TKl,album,Jason Mraz,4phGZZrJZRo4ElhRtViYdl,"['AR', 'AU', 'AT', 'BE', 'BO', 'BR', 'BG', 'CL', 'CO', 'CR', 'CY', 'CZ', 'DK', 'DO', 'DE', 'EC', 'EE', 'SV', 'FI', 'FR', 'GR', 'GT', 'HN', 'HK', 'HU', 'IE', 'IT', 'LV', 'LT', 'LU', 'MY', 'MT', 'MX', 'NL', 'NZ', 'NI', 'NO', 'PA', 'PY', 'PE', 'PH', 'PL', 'PT', 'SG', 'SK', 'ES', 'SE', 'CH', 'TW', 'TR', 'UY', 'GB', 'LI', 'ID', 'JP', 'TH', 'VN', 'RO', 'IL', 'ZA', 'SA', 'AE', 'BH', 'QA', 'OM', 'KW', 'EG', 'MA', 'DZ', 'TN', 'LB', 'JO', 'PS', 'IN', 'BY', 'KZ', 'MD', 'UA', 'AL', 'BA', 'HR', 'ME', 'MK', 'RS', 'SI', 'KR', 'BD', 'PK', 'LK', 'GH', 'KE', 'NG', 'TZ', 'UG', 'AG', 'AM', 'BS', 'BB', 'BZ', 'BW', 'BF', 'CV', 'CW', 'DM', 'FJ', 'GM', 'GE', 'GD', 'GW', 'HT', 'JM', 'LS', 'LR', 'MW', 'ML', 'FM', 'NA', 'NE', 'PG', 'PR', 'ST', 'SN', 'SC', 'SL', 'KN', 'LC', 'VC', 'TL', 'TT', 'AZ', 'BN', 'BI', 'KH', 'CM', 'TD', 'KM', 'GQ', 'SZ', 'GA', 'GN', 'KG', 'LA', 'MO', 'MR', 'MN', 'NP', 'RW', 'TG', 'UZ', 'ZW', 'BJ', 'MG', 'MU', 'MZ', 'AO', 'CI', 'DJ', 'ZM', 'CD', 'CG', 'IQ', 'LY', 'TJ', 'VE', 'ET', 'XK']"
Kaleidoscope,2SkJKMfjpYsNv0KWOxiegX,When the Morning Comes,6SQWwNCTTPmS1DaXQNRDOy,album,A Great Big World,5xKp3UyavIBUsGy3DQdXeF,"['AR', 'AU', 'AT', 'BE', 'BO', 'BR', 'BG', 'CA', 'CL', 'CO', 'CR', 'CY', 'CZ', 'DK', 'DO', 'DE', 'EC', 'EE', 'SV', 'FI', 'FR', 'GR', 'GT', 'HN', 'HK', 'HU', 'IS', 'IE', 'IT', 'LV', 'LT', 'LU', 'MY', 'MT', 'MX', 'NL', 'NZ', 'NI', 'NO', 'PA', 'PY', 'PE', 'PH', 'PL', 'PT', 'SG', 'SK', 'ES', 'SE', 'CH', 'TW', 'TR', 'UY', 'US', 'GB', 'AD', 'LI', 'MC', 'ID', 'JP', 'TH', 'VN', 'RO', 'IL', 'ZA', 'SA', 'AE', 'BH', 'QA', 'OM', 'KW', 'EG', 'MA', 'DZ', 'TN', 'LB', 'JO', 'PS', 'IN', 'BY', 'KZ', 'MD', 'UA', 'AL', 'BA', 'HR', 'ME', 'MK', 'RS', 'SI', 'KR', 'BD', 'PK', 'LK', 'GH', 'KE', 'NG', 'TZ', 'UG', 'AG', 'AM', 'BS', 'BB', 'BZ', 'BT', 'BW', 'BF', 'CV', 'CW', 'DM', 'FJ', 'GM', 'GE', 'GD', 'GW', 'GY', 'HT', 'JM', 'KI', 'LS', 'LR', 'MW', 'MV', 'ML', 'MH', 'FM', 'NA', 'NR', 'NE', 'PW', 'PG', 'PR', 'WS', 'SM', 'ST', 'SN', 'SC', 'SL', 'SB', 'KN', 'LC', 'VC', 'SR', 'TL', 'TO', 'TT', 'TV', 'VU', 'AZ', 'BN', 'BI', 'KH', 'CM', 'TD', 'KM', 'GQ', 'SZ', 'GA', 'GN', 'KG', 'LA', 'MO', 'MR', 'MN', 'NP', 'RW', 'TG', 'UZ', 'ZW', 'BJ', 'MG', 'MU', 'MZ', 'AO', 'CI', 'DJ', 'ZM', 'CD', 'CG', 'IQ', 'LY', 'TJ', 'VE', 'ET', 'XK']"
The Long Road,4qCbMMMuEB56kHd4zPE6GD,"Eat, Pray, Love",6AnpM7DFltgJLIjlToxYJ1,compilation,Various Artists,0LyfQWJT6nXafLPZqxe9Of,"['AR', 'AU', 'AT', 'BE', 'BO', 'BR', 'BG', 'CA', 'CL', 'CO', 'CR', 'CY', 'CZ', 'DK', 'DO', 'DE', 'EC', 'EE', 'SV', 'FI', 'FR', 'GR', 'GT', 'HN', 'HK', 'HU', 'IS', 'IE', 'IT', 'LV', 'LT', 'LU', 'MY', 'MT', 'MX', 'NL', 'NZ', 'NI', 'NO', 'PA', 'PY', 'PE', 'PH', 'PL', 'PT', 'SG', 'SK', 'ES', 'SE', 'CH', 'TW', 'TR', 'UY', 'GB', 'AD', 'LI', 'MC', 'ID', 'JP', 'TH', 'VN', 'RO', 'IL', 'ZA', 'SA', 'AE', 'BH', 'QA', 'OM', 'KW', 'EG', 'DZ', 'TN', 'LB', 'JO', 'PS', 'IN', 'BY', 'KZ', 'MD', 'UA', 'AL', 'BA', 'HR', 'ME', 'MK', 'RS', 'SI', 'KR', 'BD', 'PK', 'LK', 'GH', 'KE', 'NG', 'TZ', 'UG', 'AG', 'AM', 'BS', 'BB', 'BZ', 'BT', 'BW', 'BF', 'CV', 'CW', 'DM', 'FJ', 'GM', 'GD', 'GW', 'GY', 'HT', 'JM', 'KI', 'LR', 'MW', 'ML', 'MH', 'FM', 'NA', 'NR', 'NE', 'PW', 'PG', 'WS', 'ST', 'SN', 'SC', 'SL', 'SB', 'KN', 'LC', 'VC', 'SR', 'TL', 'TO', 'TT', 'TV', 'AZ', 'BN', 'BI', 'KH', 'CM', 'TD', 'KM', 'GQ', 'SZ', 'GN', 'KG', 'LA', 'MO', 'MR', 'MN', 'NP', 'RW', 'UZ', 'ZW', 'BJ', 'MG', 'MU', 'MZ', 'AO', 'CI', 'ZM', 'CD', 'CG', 'TJ', 'VE', 'XK']"
What Would I Do Without You,11TK5KLtLZUdKr1C549bAw,Good Light,4WXwjwVrr6TFi0HpE5QXq4,album,Drew Holcomb & The Neighbors,4RwbDag6jWIYJnEGH6Wte9,"['AR', 'AU', 'AT', 'BE', 'BO', 'BR', 'BG', 'CA', 'CL', 'CO', 'CR', 'CY', 'CZ', 'DK', 'DO', 'DE', 'EC', 'EE', 'SV', 'FI', 'FR', 'GR', 'GT', 'HN', 'HK', 'HU', 'IS', 'IE', 'IT', 'LV', 'LT', 'LU', 'MY', 'MT', 'MX', 'NL', 'NZ', 'NI', 'NO', 'PA', 'PY', 'PE', 'PH', 'PL', 'PT', 'SG', 'SK', 'ES', 'SE', 'CH', 'TW', 'TR', 'UY', 'US', 'GB', 'AD', 'LI', 'MC', 'ID', 'JP', 'TH', 'VN', 'RO', 'IL', 'ZA', 'SA', 'AE', 'BH', 'QA', 'OM', 'KW', 'EG', 'MA', 'DZ', 'TN', 'LB', 'JO', 'PS', 'IN', 'KZ', 'MD', 'UA', 'AL', 'BA', 'HR', 'ME', 'MK', 'SI', 'KR', 'BD', 'PK', 'LK', 'GH', 'KE', 'NG', 'TZ', 'UG', 'AG', 'AM', 'BS', 'BB', 'BZ', 'BT', 'BW', 'BF', 'CV', 'CW', 'DM', 'FJ', 'GM', 'GE', 'GD', 'GW', 'GY', 'HT', 'JM', 'KI', 'LS', 'LR', 'MW', 'MV', 'ML', 'MH', 'FM', 'NA', 'NR', 'NE', 'PW', 'PG', 'PR', 'WS', 'SM', 'ST', 'SN', 'SC', 'SL', 'SB', 'KN', 'LC', 'VC', 'SR', 'TL', 'TO', 'TT', 'TV', 'VU', 'AZ', 'BN', 'KH', 'CM', 'TD', 'KM', 'GQ', 'SZ', 'GA', 'GN', 'KG', 'LA', 'MO', 'MR', 'MN', 'NP', 'RW', 'TG', 'UZ', 'BJ', 'MG', 'MU', 'MZ', 'AO', 'CI', 'DJ', 'ZM', 'CG', 'TJ', 'VE', 'ET']"
Have It All,7BXW1QCg56yzEBV8pW8pah,Know.,7dwIWyB2jdJgL3P2JEgRKm,album,Jason Mraz,4phGZZrJZRo4ElhRtViYdl,"['AR', 'AU', 'AT', 'BE', 'BO', 'BR', 'BG', 'CA', 'CL', 'CO', 'CR', 'CY', 'CZ', 'DK', 'DO', 'DE', 'EC', 'EE', 'SV', 'FI', 'FR', 'GR', 'GT', 'HN', 'HK', 'HU', 'IS', 'IE', 'IT', 'LV', 'LT', 'LU', 'MY', 'MT', 'MX', 'NL', 'NZ', 'NI', 'NO', 'PA', 'PY', 'PE', 'PH', 'PL', 'PT', 'SG', 'SK', 'ES', 'SE', 'CH', 'TW', 'TR', 'UY', 'US', 'GB', 'AD', 'LI', 'MC', 'ID', 'JP', 'TH', 'VN', 'RO', 'IL', 'ZA', 'SA', 'AE', 'BH', 'QA', 'OM', 'KW', 'EG', 'MA', 'DZ', 'TN', 'LB', 'JO', 'PS', 'IN', 'BY', 'KZ', 'MD', 'UA', 'AL', 'BA', 'HR', 'ME', 'MK', 'RS', 'SI', 'KR', 'BD', 'PK', 'LK', 'GH', 'KE', 'NG', 'TZ', 'UG', 'AG', 'AM', 'BS', 'BB', 'BZ', 'BT', 'BW', 'BF', 'CV', 'CW', 'DM', 'FJ', 'GM', 'GE', 'GD', 'GW', 'GY', 'HT', 'JM', 'KI', 'LS', 'LR', 'MW', 'MV', 'ML', 'MH', 'FM', 'NA', 'NR', 'NE', 'PW', 'PG', 'WS', 'SM', 'ST', 'SN', 'SC', 'SL', 'SB', 'KN', 'LC', 'VC', 'SR', 'TL', 'TO', 'TT', 'TV', 'VU', 'AZ', 'BN', 'BI', 'KH', 'CM', 'TD', 'KM', 'GQ', 'SZ', 'GA', 'GN', 'KG', 'LA', 'MO', 'MR', 'MN', 'NP', 'RW', 'TG', 'UZ', 'ZW', 'BJ', 'MG', 'MU', 'MZ', 'AO', 'CI', 'DJ', 'ZM', 'CD', 'CG', 'IQ', 'LY', 'TJ', 'VE', 'ET', 'XK']"
Heavy Heart,2kMrCPZ0o5gErBPLCRgoli,Mellow Adult Pop,2h66Q8ez8XvHFrRoWGjXyj,compilation,Various Artists,0LyfQWJT6nXafLPZqxe9Of,"['AR', 'BE', 'BO', 'BR', 'BG', 'CA', 'CL', 'CO', 'CR', 'CY', 'CZ', 'DO', 'EC', 'EE', 'SV', 'GR', 'GT', 'HN', 'HK', 'HU', 'IS', 'IE', 'IT', 'LV', 'LT', 'LU', 'MY', 'MT', 'MX', 'NL', 'NI', 'PA', 'PY', 'PE', 'PH', 'PL', 'PT', 'SG', 'SK', 'ES', 'TW', 'TR', 'UY', 'US', 'GB', 'AD', 'LI', 'MC', 'ID', 'JP', 'TH', 'VN', 'RO', 'IL', 'ZA', 'SA', 'AE', 'BH', 'QA', 'OM', 'KW', 'EG', 'MA', 'DZ', 'TN', 'LB', 'JO', 'PS', 'IN', 'KZ', 'MD', 'UA', 'AL', 'BA', 'HR', 'ME', 'MK', 'RS', 'SI', 'KR', 'BD', 'PK', 'LK', 'GH', 'KE', 'NG', 'TZ', 'UG', 'AG', 'AM', 'BS', 'BB', 'BZ', 'BT', 'BW', 'BF', 'CV', 'CW', 'DM', 'FJ', 'GM', 'GE', 'GD', 'GW', 'GY', 'HT', 'JM', 'KI', 'LS', 'LR', 'MW', 'MV', 'ML', 'MH', 'FM', 'NA', 'NR', 'NE', 'PW', 'PG', 'PR', 'WS', 'SM', 'ST', 'SN', 'SC', 'SL', 'SB', 'KN', 'LC', 'VC', 'SR', 'TL', 'TO', 'TT', 'TV', 'VU', 'AZ', 'BN', 'BI', 'KH', 'CM', 'TD', 'KM', 'GQ', 'SZ', 'GA', 'GN', 'KG', 'LA', 'MO', 'MR', 'MN', 'NP', 'RW', 'TG', 'UZ', 'ZW', 'BJ', 'MG', 'MU', 'MZ', 'AO', 'CI', 'DJ', 'ZM', 'CD', 'CG', 'IQ', 'LY', 'TJ', 'VE', 'ET', 'XK']"
The House We Never Built,5IjTZ1g8KrIuV97N3OQZ0V,Break Up Songs,2FRDG4xVPb9med42ldotMU,compilation,Various Artists,0LyfQWJT6nXafLPZqxe9Of,"['AR', 'BE', 'BO', 'BR', 'BG', 'CA', 'CL', 'CO', 'CR', 'CY', 'CZ', 'DK', 'DO', 'EC', 'EE', 'SV', 'FI', 'FR', 'GR', 'GT', 'HN', 'HK', 'HU', 'IS', 'IE', 'IT', 'LV', 'LT', 'LU', 'MY', 'MT', 'MX', 'NL', 'NI', 'NO', 'PA', 'PY', 'PE', 'PH', 'PL', 'PT', 'SG', 'SK', 'ES', 'SE', 'TW', 'TR', 'UY', 'US', 'GB', 'AD', 'LI', 'MC', 'ID', 'JP', 'TH', 'VN', 'RO', 'IL', 'ZA', 'SA', 'AE', 'BH', 'QA', 'OM', 'KW', 'EG', 'MA', 'DZ', 'TN', 'LB', 'JO', 'PS', 'IN', 'KZ', 'MD', 'UA', 'AL', 'BA', 'HR', 'ME', 'MK', 'RS', 'SI', 'KR', 'BD', 'PK', 'LK', 'GH', 'KE', 'NG', 'TZ', 'UG', 'AG', 'AM', 'BS', 'BB', 'BZ', 'BT', 'BW', 'BF', 'CV', 'CW', 'DM', 'FJ', 'GM', 'GE', 'GD', 'GW', 'GY', 'HT', 'JM', 'KI', 'LS', 'LR', 'MW', 'MV', 'ML', 'MH', 'FM', 'NA', 'NR', 'NE', 'PW', 'PG', 'PR', 'WS', 'SM', 'ST', 'SN', 'SC', 'SL', 'SB', 'KN', 'LC', 'VC', 'SR', 'TL', 'TO', 'TT', 'TV', 'VU', 'AZ', 'BN', 'BI', 'KH', 'CM', 'TD', 'KM', 'GQ', 'SZ', 'GA', 'GN', 'KG', 'LA', 'MO', 'MR', 'MN', 'NP', 'RW', 'TG', 'UZ', 'ZW', 'BJ', 'MG', 'MU', 'MZ', 'AO', 'CI', 'DJ', 'ZM', 'CD', 'CG', 'IQ', 'LY', 'TJ', 'VE', 'ET', 'XK']"
Society,3bHhUEOTIbezeZ856R0BX5,Into The Wild (Music For The Motion Picture),13xlpKbai3GGoMSr75lOeX,album,Eddie Vedder,0mXTJETA4XUa12MmmXxZJh,"['AR', 'AU', 'AT', 'BE', 'BO', 'BR', 'BG', 'CA', 'CL', 'CO', 'CR', 'CY', 'CZ', 'DK', 'DO', 'DE', 'EC', 'EE', 'SV', 'FI', 'FR', 'GR', 'GT', 'HN', 'HK', 'HU', 'IS', 'IE', 'IT', 'LV', 'LT', 'LU', 'MY', 'MT', 'MX', 'NL', 'NZ', 'NI', 'NO', 'PA', 'PY', 'PE', 'PH', 'PL', 'PT', 'SG', 'SK', 'ES', 'SE', 'CH', 'TW', 'TR', 'UY', 'US', 'GB', 'AD', 'LI', 'MC', 'ID', 'JP', 'TH', 'VN', 'RO', 'IL', 'ZA', 'SA', 'AE', 'BH', 'QA', 'OM', 'KW', 'EG', 'MA', 'DZ', 'TN', 'LB', 'JO', 'PS', 'IN', 'BY', 'KZ', 'MD', 'UA', 'AL', 'BA', 'HR', 'ME', 'MK', 'RS', 'SI', 'KR', 'BD', 'PK', 'LK', 'GH', 'KE', 'NG', 'TZ', 'UG', 'AG', 'AM', 'BS', 'BB', 'BZ', 'BT', 'BW', 'BF', 'CV', 'CW', 'DM', 'FJ', 'GM', 'GE', 'GD', 'GW', 'GY', 'HT', 'JM', 'KI', 'LS', 'LR', 'MW', 'MV', 'ML', 'MH', 'FM', 'NA', 'NR', 'NE', 'PW', 'PG', 'WS', 'SM', 'ST', 'SN', 'SC', 'SL', 'SB', 'KN', 'LC', 'VC', 'SR', 'TL', 'TO', 'TT', 'TV', 'VU', 'AZ', 'BN', 'BI', 'KH', 'CM', 'TD', 'KM', 'GQ', 'SZ', 'GA', 'GN', 'KG', 'LA', 'MO', 'MR', 'MN', 'NP', 'RW', 'TG', 'UZ', 'ZW', 'BJ', 'MG', 'MU', 'MZ', 'AO', 'CI', 'DJ', 'ZM', 'CD', 'CG', 'IQ', 'LY', 'TJ', 'VE', 'ET', 'XK']"
Please Don't Say You Love Me,0wf17wsLRwnnfh241GkeH5,u don't deserve me,6OMYf81TuNh1h5d7CgxvDo,compilation,Various Artists,0LyfQWJT6nXafLPZqxe9Of,"['AR', 'AU', 'BE', 'BO', 'BR', 'BG', 'CA', 'CL', 'CO', 'CR', 'CY', 'CZ', 'DO', 'EC', 'EE', 'SV', 'GR', 'GT', 'HN', 'HK', 'HU', 'IS', 'IE', 'IT', 'LV', 'LT', 'LU', 'MY', 'MT', 'MX', 'NL', 'NZ', 'NI', 'PA', 'PY', 'PE', 'PH', 'PL', 'PT', 'SG', 'SK', 'ES', 'TW', 'TR', 'UY', 'US', 'GB', 'AD', 'LI', 'MC', 'ID', 'JP', 'TH', 'VN', 'RO', 'IL', 'ZA', 'SA', 'AE', 'BH', 'QA', 'OM', 'KW', 'EG', 'MA', 'DZ', 'TN', 'LB', 'JO', 'PS', 'IN', 'KZ', 'MD', 'UA', 'AL', 'BA', 'HR', 'ME', 'MK', 'RS', 'SI', 'KR', 'BD', 'PK', 'LK', 'GH', 'KE', 'NG', 'TZ', 'UG', 'AG', 'AM', 'BS', 'BB', 'BZ', 'BT', 'BW', 'BF', 'CV', 'CW', 'DM', 'FJ', 'GM', 'GE', 'GD', 'GW', 'GY', 'HT', 'JM', 'KI', 'LS', 'LR', 'MW', 'MV', 'ML', 'MH', 'FM', 'NA', 'NR', 'NE', 'PW', 'PG', 'PR', 'WS', 'SM', 'ST', 'SN', 'SC', 'SL', 'SB', 'KN', 'LC', 'VC', 'SR', 'TL', 'TO', 'TT', 'TV', 'VU', 'AZ', 'BN', 'BI', 'KH', 'CM', 'TD', 'KM', 'GQ', 'SZ', 'GA', 'GN', 'KG', 'LA', 'MO', 'MR', 'MN', 'NP', 'RW', 'TG', 'UZ', 'ZW', 'BJ', 'MG', 'MU', 'MZ', 'AO', 'CI', 'DJ', 'ZM', 'CD', 'CG', 'IQ', 'LY', 'TJ', 'VE', 'ET', 'XK']"
Please Don't Say You Love Me,3322ArxAq7wCSZI4fF77Q0,Coffee Moment,04KowFQhH1EvlLQZHh74q5,compilation,Various Artists,0LyfQWJT6nXafLPZqxe9Of,"['AR', 'AU', 'AT', 'BE', 'BO', 'BR', 'BG', 'CA', 'CL', 'CO', 'CR', 'CY', 'CZ', 'DK', 'DO', 'DE', 'EC', 'EE', 'SV', 'FI', 'FR', 'GR', 'GT', 'HN', 'HK', 'HU', 'IS', 'IE', 'IT', 'LV', 'LT', 'LU', 'MY', 'MT', 'MX', 'NL', 'NZ', 'NI', 'NO', 'PA', 'PY', 'PE', 'PH', 'PL', 'PT', 'SG', 'SK', 'ES', 'SE', 'CH', 'TW', 'TR', 'UY', 'US', 'GB', 'AD', 'LI', 'MC', 'ID', 'JP', 'TH', 'VN', 'RO', 'IL', 'ZA', 'SA', 'AE', 'BH', 'QA', 'OM', 'KW', 'EG', 'MA', 'DZ', 'TN', 'LB', 'JO', 'PS', 'IN', 'KZ', 'MD', 'UA', 'AL', 'BA', 'HR', 'ME', 'MK', 'RS', 'SI', 'KR', 'BD', 'PK', 'LK', 'GH', 'KE', 'NG', 'TZ', 'UG', 'AG', 'AM', 'BS', 'BB', 'BZ', 'BT', 'BW', 'BF', 'CV', 'CW', 'DM', 'FJ', 'GM', 'GE', 'GD', 'GW', 'GY', 'HT', 'JM', 'KI', 'LS', 'LR', 'MW', 'MV', 'ML', 'MH', 'FM', 'NA', 'NR', 'NE', 'PW', 'PG', 'PR', 'WS', 'SM', 'ST', 'SN', 'SC', 'SL', 'SB', 'KN', 'LC', 'VC', 'SR', 'TL', 'TO', 'TT', 'TV', 'VU', 'AZ', 'BN', 'BI', 'KH', 'CM', 'TD', 'KM', 'GQ', 'SZ', 'GA', 'GN', 'KG', 'LA', 'MO', 'MR', 'MN', 'NP', 'RW', 'TG', 'UZ', 'ZW', 'BJ', 'MG', 'MU', 'MZ', 'AO', 'CI', 'DJ', 'ZM', 'CD', 'CG', 'IQ', 'LY', 'TJ', 'VE', 'ET', 'XK']"
Guaranteed,4LGF2tDg3878bs0mQPByZ4,Into The Wild (Music For The Motion Picture),13xlpKbai3GGoMSr75lOeX,album,Eddie Vedder,0mXTJETA4XUa12MmmXxZJh,"['AR', 'AU', 'AT', 'BE', 'BO', 'BR', 'BG', 'CA', 'CL', 'CO', 'CR', 'CY', 'CZ', 'DK', 'DO', 'DE', 'EC', 'EE', 'SV', 'FI', 'FR', 'GR', 'GT', 'HN', 'HK', 'HU', 'IS', 'IE', 'IT', 'LV', 'LT', 'LU', 'MY', 'MT', 'MX', 'NL', 'NZ', 'NI', 'NO', 'PA', 'PY', 'PE', 'PH', 'PL', 'PT', 'SG', 'SK', 'ES', 'SE', 'CH', 'TW', 'TR', 'UY', 'US', 'GB', 'AD', 'LI', 'MC', 'ID', 'JP', 'TH', 'VN', 'RO', 'IL', 'ZA', 'SA', 'AE', 'BH', 'QA', 'OM', 'KW', 'EG', 'MA', 'DZ', 'TN', 'LB', 'JO', 'PS', 'IN', 'BY', 'KZ', 'MD', 'UA', 'AL', 'BA', 'HR', 'ME', 'MK', 'RS', 'SI', 'KR', 'BD', 'PK', 'LK', 'GH', 'KE', 'NG', 'TZ', 'UG', 'AG', 'AM', 'BS', 'BB', 'BZ', 'BT', 'BW', 'BF', 'CV', 'CW', 'DM', 'FJ', 'GM', 'GE', 'GD', 'GW', 'GY', 'HT', 'JM', 'KI', 'LS', 'LR', 'MW', 'MV', 'ML', 'MH', 'FM', 'NA', 'NR', 'NE', 'PW', 'PG', 'WS', 'SM', 'ST', 'SN', 'SC', 'SL', 'SB', 'KN', 'LC', 'VC', 'SR', 'TL', 'TO', 'TT', 'TV', 'VU', 'AZ', 'BN', 'BI', 'KH', 'CM', 'TD', 'KM', 'GQ', 'SZ', 'GA', 'GN', 'KG', 'LA', 'MO', 'MR', 'MN', 'NP', 'RW', 'TG', 'UZ', 'ZW', 'BJ', 'MG', 'MU', 'MZ', 'AO', 'CI', 'DJ', 'ZM', 'CD', 'CG', 'IQ', 'LY', 'TJ', 'VE', 'ET', 'XK']"
Brave,6Uy6K3KdmUdAfelUp0SeXn,The Blessed Unrest,7lpbyGc4fHsQkBTsfWVBhp,album,Sara Bareilles,2Sqr0DXoaYABbjBo9HaMkM,"['AR', 'AU', 'AT', 'BE', 'BO', 'BR', 'BG', 'CA', 'CL', 'CO', 'CR', 'CY', 'CZ', 'DK', 'DO', 'DE', 'EC', 'EE', 'SV', 'FI', 'FR', 'GR', 'GT', 'HN', 'HK', 'HU', 'IS', 'IE', 'IT', 'LV', 'LT', 'LU', 'MY', 'MT', 'MX', 'NL', 'NZ', 'NI', 'NO', 'PA', 'PY', 'PE', 'PH', 'PL', 'PT', 'SG', 'SK', 'ES', 'SE', 'CH', 'TW', 'TR', 'UY', 'US', 'GB', 'AD', 'LI', 'MC', 'ID', 'JP', 'TH', 'VN', 'RO', 'IL', 'ZA', 'SA', 'AE', 'BH', 'QA', 'OM', 'KW', 'EG', 'MA', 'DZ', 'TN', 'LB', 'JO', 'PS', 'IN', 'BY', 'KZ', 'MD', 'UA', 'AL', 'BA', 'HR', 'ME', 'MK', 'RS', 'SI', 'KR', 'BD', 'PK', 'LK', 'GH', 'KE', 'NG', 'TZ', 'UG', 'AG', 'AM', 'BS', 'BB', 'BZ', 'BT', 'BW', 'BF', 'CV', 'CW', 'DM', 'FJ', 'GM', 'GE', 'GD', 'GW', 'GY', 'HT', 'JM', 'KI', 'LS', 'LR', 'MW', 'MV', 'ML', 'MH', 'FM', 'NA', 'NR', 'NE', 'PW', 'PG', 'PR', 'WS', 'SM', 'ST', 'SN', 'SC', 'SL', 'SB', 'KN', 'LC', 'VC', 'SR', 'TL', 'TO', 'TT', 'TV', 'VU', 'AZ', 'BN', 'BI', 'KH', 'CM', 'TD', 'KM', 'GQ', 'SZ', 'GA', 'GN', 'KG', 'LA', 'MO', 'MR', 'MN', 'NP', 'RW', 'TG', 'UZ', 'ZW', 'BJ', 'MG', 'MU', 'MZ', 'AO', 'CI', 'DJ', 'ZM', 'CD', 'CG', 'IQ', 'LY', 'TJ', 'VE', 'ET', 'XK']"
Lonely This Christmas,2z2JKNU24UEngb4joR9p8f,Slow Christmas Songs 2022,02jK5N4I2BTvHODw6MTnJY,compilation,Various Artists,0LyfQWJT6nXafLPZqxe9Of,[]
Lonely This Christmas,2nef44o0sjJDKB1ta4S0ub,Lonely Christmas 2022,6EeGrdOplRuL3UV5DfDAAE,compilation,Various Artists,0LyfQWJT6nXafLPZqxe9Of,[]
Heaven Knows,0qJGlogD7AyMLAJfQ42aI2,Bookmarks,4jp3FXjLRy8upwcvWZJAh0,album,Five For Fighting,7FgMLbnZVrEnir95O0YujA,"['AR', 'AU', 'AT', 'BE', 'BO', 'BR', 'BG', 'CA', 'CL', 'CO', 'CR', 'CY', 'CZ', 'DK', 'DO', 'DE', 'EC', 'EE', 'SV', 'FI', 'FR', 'GR', 'GT', 'HN', 'HK', 'HU', 'IS', 'IE', 'IT', 'LV', 'LT', 'LU', 'MY', 'MT', 'MX', 'NL', 'NZ', 'NI', 'NO', 'PA', 'PY', 'PE', 'PH', 'PL', 'PT', 'SG', 'SK', 'ES', 'SE', 'CH', 'TW', 'TR', 'UY', 'US', 'GB', 'AD', 'LI', 'MC', 'ID', 'JP', 'TH', 'VN', 'RO', 'IL', 'ZA', 'SA', 'AE', 'BH', 'QA', 'OM', 'KW', 'EG', 'MA', 'DZ', 'TN', 'LB', 'JO', 'PS', 'IN', 'BY', 'KZ', 'MD', 'UA', 'AL', 'BA', 'HR', 'ME', 'MK', 'RS', 'SI', 'KR', 'BD', 'PK', 'LK', 'GH', 'KE', 'NG', 'TZ', 'UG', 'AG', 'AM', 'BS', 'BB', 'BZ', 'BT', 'BW', 'BF', 'CV', 'CW', 'DM', 'FJ', 'GM', 'GE', 'GD', 'GW', 'GY', 'HT', 'JM', 'KI', 'LS', 'LR', 'MW', 'MV', 'ML', 'MH', 'FM', 'NA', 'NR', 'NE', 'PW', 'PG', 'WS', 'SM', 'ST', 'SN', 'SC', 'SL', 'SB', 'KN', 'LC', 'VC', 'SR', 'TL', 'TO', 'TT', 'TV', 'VU', 'AZ', 'BN', 'BI', 'KH', 'CM', 'TD', 'KM', 'GQ', 'SZ', 'GA', 'GN', 'KG', 'LA', 'MO', 'MR', 'MN', 'NP', 'RW', 'TG', 'UZ', 'ZW', 'BJ', 'MG', 'MU', 'MZ', 'AO', 'CI', 'DJ', 'ZM', 'CD', 'CG', 'IQ', 'LY', 'TJ', 'VE', 'ET', 'XK']"
I Heard The Bells On Christmas Day,04JS6OitE9VGsIS3S94Osg,Slow Christmas Songs 2022,02jK5N4I2BTvHODw6MTnJY,compilation,Various Artists,0LyfQWJT6nXafLPZqxe9Of,[]
I Heard The Bells On Christmas Day,5OGpsZeJRZ3t3MZioawcZW,Alternative Christmas 2022,4qvbrSYsdpTHzKNqralb6T,compilation,Various Artists,0LyfQWJT6nXafLPZqxe9Of,[]
Fairytale Of New York,3Vnes7v746dYzBn0FJTZ1W,Alternative Christmas 2022,3R11jqVNSusHsqYltCIJeV,compilation,Various Artists,0LyfQWJT6nXafLPZqxe9Of,[]
I Heard The Bells On Christmas Day,30cYWLpVdBZVLb1cYdmcTT,Acoustic Christmas Campfire,4zofBWMqJIzNwYIRrI7lJT,compilation,Various Artists,0LyfQWJT6nXafLPZqxe9Of,[]
I Heard The Bells On Christmas Day,7sUqJ51FGSi3n7x4pYjY3v,Lonely Christmas 2022,6EeGrdOplRuL3UV5DfDAAE,compilation,Various Artists,0LyfQWJT6nXafLPZqxe9Of,[]
I Heard The Bells On Christmas Day,15BFn2VmEtonsXfNL1lUmy,Chill Christmas Dinner,2cDatpgrOUhT1doS7vu9pD,compilation,Various Artists,0LyfQWJT6nXafLPZqxe9Of,[]
I Heard The Bells On Christmas Day,0WOFJR54wyTwLB11jcBDb1,sadsadchristmas,6oi0t64hKjBZDmo9Veq6EE,compilation,Various Artists,0LyfQWJT6nXafLPZqxe9Of,[]
I Heard The Bells On Christmas Day,1uDCw6LVMOmbZ6zRliNcNX,Christmas Country Songs 2022,4wMNHYWY8viHbn3FPUU0RE,compilation,Various Artists,0LyfQWJT6nXafLPZqxe9Of,[]
Hold On,7DYsBLdOqz0z14tYWMt2Tn,Del gusto de mamá,1Ayyw4qRYDtCF7QmmV9v03,compilation,Various Artists,0LyfQWJT6nXafLPZqxe9Of,[]
Suddenly I See,7cPuE0M35EajWPRO3nRcH8,OO's Music Grandi Successi,1Q57kQ9idJaWVcXgkoAq40,compilation,Various Artists,0LyfQWJT6nXafLPZqxe9Of,[]
