artist_name,artist_id
Chappell Roan,7GlBOeep6PqTfFi59PTUUN
Taylor Swift,06HL4z0CvFAxyc27GXpf02
Olivia Rodrigo,1McMsnEElThX1knmY4oliG
Billie Eilish,6qqNVTkY8uBg9cP3Jd7DAH
Sabrina Carpenter,74KM79TiuVKeVCqs8QtB0B
Tate McRae,45dkTj5sMRSjrmBSBeiHym
Ariana Grande,66CXWjxzNUsdJxJ2JdwvnR
Dua Lipa,6M2wZ9GZgrQXHCFfjv46we
Ed Sheeran,6eUKZXaKkcviH0Ku9w2n3V
Adele,4dpARuHxo51G3z768sgnrY
Beyonce,6vWDO969PvNqNYHIOW5v0m
Rihanna,5pKCCKE2ajJHZ9KAiaK11H
Doja Cat,5cj0lLjcoR7YOSnhnX0Po5
Nicki Minaj,0hCNtLu0JehylgoiP8L4Gh
Katy Perry,6jJ0s89eD6GaHleKKya26X
Halsey,26VFTg2z8YR0cCuwLzESi2
Lana Del Rey,00FQb4jTyendYWaN8pK0wa
Miley Cyrus,5YGY8feqx7naU7z4HrwZM6
Demi Lovato,6S2OmqARrzebs0tKUEyXyp
Selena Gomez,0C8ZW7ezQVs4URX5aX7Kqx
Meghan Trainor,6JL8zeS1NmiOftqZTRgdTz
The Weeknd,1Xyo4u8uXC1ZmMpatF05PJ
Post Malone,246dkjvS1zLTtiykXe5h60
Justin Bieber,1uNFoZAHBGtllmzznpCI3s
Shawn Mendes,7n2wHs1TKAczGzO7Dd2rGr
Charlie Puth,6VuMaDnrHyPL1p4EHjYLi7
Sam Smith,4kNHs1OvhTfdpGPt7QslOG
Harry Styles,6KImCVD70vtIoJWnq6nGn3
Niall Horan,1Hsdzj7Dlq2I7tHP7501T4
ZAYN,5ZsFI1h6hIdQRw2ti0hz81
One Direction,4AK6F7OLvEQ5QYCBNiQWHq
Coldplay,4gzpq5DPGxSnKTe4SA8HAU
Imagine Dragons,53XhwfbYqKCa1cC15pYq2q
Maroon 5,04gDigrS5kc9YWfZHwBETP
OneRepublic,5Pwc4xIPtQLFEnJriah9YJ
The 1975,3mIj9lX2MWuHmhNCA7LSCW
Arctic Monkeys,7Ln80lUS6He07XvHI8qqHH
The Killers,0ZcQiK3eMNwImAAQErUszR
Glass Animals,4yvcSjfu4PC0CYQyLy4wSq
The Chainsmokers,69GGBxA162lTqCwzJG5jLp
David Guetta,1Cs0zKBU1kc0i8ypK3B9ai
Calvin Harris,4uxtgTREcDq8pPpJXQLfpT
Avicii,1vCWHaC5f2uS3yhpwWbIA6
Kygo,23fqKkggKUBHNkbKtXEls4
Marshmello,64KEffDW9EtZ1y2vBYgq8T
Zedd,2qxJFvFYMEDqd7ui6kSAcq
Skrillex,5he5w2lnU9x7JFhnwcekXX
DJ Snake,540vIaP2JwjQb9dm3aArA4
Tiesto,2o5jDhtHVPhrJdv3cEQ99Z
ILLENIUM,45eNHdiiabvmbp4erw26rg
Drake,3TVXtAsR1Inumwj472S9r4
Travis Scott,0Y5tJX1MQlPlqiwlOH1tJY
Kendrick Lamar,2YZyLoL8N0Wb9xBt1NhZWg
J. Cole,6l3HvQ5sa6mXTsMTB19rO5
Future,1RyvyyTE3xzB2ZywiAwp0i
Metro Boomin,3jc4CnlhWDe2LSSxvUZLOA
Lil Baby,3FS1key8UDgSlIDGYmLROZ
Lil Durk,3hcs9uc56yIGFCSy9leWe7
21 Savage,6EvECAhspeBYGA6b8Esp8s
Offset,3xWSt0mL474uQlh5Zm6NsW
Quavo,0VRj0yCOv2FXJNP47XQnx5
Migos,6oMuImdp5ZcFhWP0ESe6mG
Cardi B,4kYSro6naA4h99UJvo89HB
Megan Thee Stallion,181bsRPaVXVlUKXrxwZfHK
A$AP Rocky,13ubrt8QOOCPljQ2FL1Kca
"Tyler, The Creator",4V8LLVI7PbaPR0K2TGSxFF
Playboi Carti,3smcVHodk7fAFdgLMzjo2Y
Lil Uzi Vert,5R3r1RL1ncjRiJS8ufMu6i
Yeat,3qiHUAX7zY4Qnjx8TNUzVx
Ice Spice,3LZZPxNDGDFVSIPqf4JuEf
Jack Harlow,2LIk90788K0zvyj2JJVwkJ
Latto,3MdXrJWsbVzdn6fe5JYkSQ
Bad Bunny,4q3ewBCX7sLwd24euuV69X
J Balvin,63Ca9cr7AtA5Ddk7qwk1rT
Maluma,1r4hJ1h58CWwUQe3MxPuau
KAROL G,790FomKkXshlbRYZFtlgla
Shakira,0EmeFodog0BfCgMzAIvKQp
Rauw Alejandro,4nE8H1cOpxhOA7qsSF9htT
ROSALIA,34vbZanfLuM77t4yHr3SKN
Feid,2LRoIwlKmHjgvigdNGBHNo
anuel aa,27vnAsooj5iaS2eJo3i5Cx
Ozuna,1i8SpTcr7yvPOmcqrbnVXY
Becky G,4obzFoKoKRHIphyHzJ35G3
Anitta,7FNnA9vBm6EKceENgCGRMb
Luis Fonsi,4V8Sr092TqfHkfAA5fXXqG
Sebastian Yatra,5pht7tKXc1DYyYVmqkYejt
Camilo,28gNT5KBp7IjEOQoevXf9N
Manuel Turizo,0tmwSHipWxN12fsoLcFU3B
Myke Towers,2SK5ijTTpexJiJJTXFgdax
TINI,7vXDAI8JwjW531ouMGbfcp
Peso Pluma,1L8RFrXhTouyC55RDcpZro
Grupo Frontera,6XkjpgcEsYab502Vr1bBeW
Eslabon Armado,0XeEobZplHxzM9QzFQWLiR
Fuerza Regida,0ys2OFYzWYB5hRDLCsBqxt
Morgan Wallen,4oUHIQIBe0LHzYfvXNW4QM
Luke Combs,718COspgdWOnwOFpJHRZHS
Zach Bryan,40ZNYROS4zLfyyBSs2PGe2
Chris Stapleton,5u1agEmFqupfgMBIq4NQMQ
Kacey Musgraves,70kkdajctXSbqSMJbQO424
